lat_center,lon_center,zone,n_events,n_above_Mc,Mc,b_value,a_value,lambda_M5,lambda_M6,lambda_M7,P50yr_M5,P50yr_M6,P50yr_M7,omori_factor,source
36.25,26.25,CA,59,42,3.15,1.038,3.3618,0.014853,0.001361,0.000125,0.5241,0.0658,0.0062,1.0,ISC 1990-2023 (excl. 2023-02-06/08-06)
36.25,26.75,CA,200,144,3.15,1.2709,4.6306,0.018882,0.001012,5.4e-05,0.611,0.0493,0.0027,1.0,ISC 1990-2023 (excl. 2023-02-06/08-06)
36.25,27.25,CA,1201,957,3.15,1.0286,4.6899,0.352254,0.03298,0.003088,1.0,0.8078,0.1431,1.0,ISC 1990-2023 (excl. 2023-02-06/08-06)
36.25,27.75,CA,236,164,3.15,0.9178,3.5748,0.096776,0.011694,0.001413,0.9921,0.4427,0.0682,1.0,ISC 1990-2023 (excl. 2023-02-06/08-06)
36.25,28.25,CA,136,104,3.15,0.8564,3.1835,0.079716,0.011095,0.001544,0.9814,0.4258,0.0743,1.0,ISC 1990-2023 (excl. 2023-02-06/08-06)
36.25,28.75,CA,325,215,3.15,0.9423,3.7695,0.114298,0.013054,0.001491,0.9967,0.4794,0.0718,1.0,ISC 1990-2023 (excl. 2023-02-06/08-06)
36.25,29.25,CA,161,95,3.15,1.1966,4.2159,0.017095,0.001087,6.9e-05,0.5746,0.0529,0.0035,1.0,ISC 1990-2023 (excl. 2023-02-06/08-06)
36.25,29.75,CA,101,62,3.15,1.038,3.5309,0.021925,0.002009,0.000184,0.6659,0.0956,0.0092,1.0,ISC 1990-2023 (excl. 2023-02-06/08-06)
36.25,30.25,CA,57,40,3.15,1.038,3.3406,0.014145,0.001296,0.000119,0.507,0.0627,0.0059,1.0,ISC 1990-2023 (excl. 2023-02-06/08-06)
36.25,30.75,CA,91,68,3.15,1.1023,3.7736,0.018286,0.001445,0.000114,0.5992,0.0697,0.0057,1.0,ISC 1990-2023 (excl. 2023-02-06/08-06)
36.25,31.25,CA,133,103,3.15,0.874,3.2348,0.073247,0.00979,0.001309,0.9743,0.3871,0.0633,1.0,ISC 1990-2023 (excl. 2023-02-06/08-06)
36.25,31.75,CA,65,40,3.15,1.038,3.3406,0.014145,0.001296,0.000119,0.507,0.0627,0.0059,1.0,ISC 1990-2023 (excl. 2023-02-06/08-06)
36.25,32.25,CA,33,13,3.15,1.038,2.8525,0.004597,0.000421,3.9e-05,0.2054,0.0208,0.0019,1.0,ISC 1990-2023 (excl. 2023-02-06/08-06)
36.25,34.25,CA,16,10,3.15,1.038,2.7386,0.003536,0.000324,3e-05,0.1621,0.0161,0.0015,1.0,ISC 1990-2023 (excl. 2023-02-06/08-06)
36.25,34.75,CA,13,8,3.15,1.038,2.6416,0.002829,0.000259,2.4e-05,0.1319,0.0129,0.0012,1.0,ISC 1990-2023 (excl. 2023-02-06/08-06)
36.25,35.25,CA,10,7,3.15,1.038,2.5837,0.000248,2.3e-05,2e-06,0.0123,0.0011,0.0001,10.0,ISC 1990-2023 (excl. 2023-02-06/08-06)
36.25,35.75,CA,63,38,3.15,1.038,3.3183,0.001344,0.000123,1.1e-05,0.065,0.0061,0.0006,10.0,ISC 1990-2023 (excl. 2023-02-06/08-06)
36.25,36.25,EAF,66,36,3.15,0.9963,3.1635,0.001521,0.000153,1.5e-05,0.0732,0.0076,0.0008,10.0,ISC 1990-2023 (excl. 2023-02-06/08-06)
36.25,36.75,EAF,29,5,3.15,0.9963,2.3062,0.000211,2.1e-05,2e-06,0.0105,0.0011,0.0001,10.0,ISC 1990-2023 (excl. 2023-02-06/08-06)
36.25,40.25,EAF,14,8,3.15,0.9963,2.5103,0.003379,0.000341,3.4e-05,0.1554,0.0169,0.0017,1.0,ISC 1990-2023 (excl. 2023-02-06/08-06)
36.25,40.75,EAF,47,34,3.15,0.9963,3.1387,0.014361,0.001448,0.000146,0.5123,0.0699,0.0073,1.0,ISC 1990-2023 (excl. 2023-02-06/08-06)
36.25,41.25,EAF,9,7,3.15,0.9963,2.4523,0.002957,0.000298,3e-05,0.1374,0.0148,0.0015,1.0,ISC 1990-2023 (excl. 2023-02-06/08-06)
36.25,41.75,EAF,8,5,3.15,0.9963,2.3062,0.002112,0.000213,2.1e-05,0.1002,0.0106,0.0011,1.0,ISC 1990-2023 (excl. 2023-02-06/08-06)
36.75,26.25,CA,135,90,3.15,1.1194,3.9492,0.022501,0.001709,0.00013,0.6754,0.0819,0.0065,1.0,ISC 1990-2023 (excl. 2023-02-06/08-06)
36.75,26.75,CA,311,219,3.15,0.7709,3.2376,0.24162,0.040948,0.00694,1.0,0.8709,0.2932,1.0,ISC 1990-2023 (excl. 2023-02-06/08-06)
36.75,27.25,CA,505,380,3.15,1.0667,4.4087,0.118916,0.010199,0.000875,0.9974,0.3995,0.0428,1.0,ISC 1990-2023 (excl. 2023-02-06/08-06)
36.75,27.75,CA,965,564,3.15,0.8798,3.9915,0.391293,0.051606,0.006806,1.0,0.9242,0.2884,1.0,ISC 1990-2023 (excl. 2023-02-06/08-06)
36.75,28.25,CA,317,186,3.15,0.8953,3.5586,0.120798,0.015373,0.001956,0.9976,0.5364,0.0932,1.0,ISC 1990-2023 (excl. 2023-02-06/08-06)
36.75,28.75,CA,291,157,3.15,1.2494,4.6004,0.022561,0.00127,7.2e-05,0.6763,0.0615,0.0036,1.0,ISC 1990-2023 (excl. 2023-02-06/08-06)
36.75,29.25,CA,682,304,3.15,1.0664,4.3109,0.095255,0.008175,0.000702,0.9915,0.3355,0.0345,1.0,ISC 1990-2023 (excl. 2023-02-06/08-06)
36.75,29.75,CA,94,57,3.15,1.038,3.4944,0.020157,0.001847,0.000169,0.635,0.0882,0.0084,1.0,ISC 1990-2023 (excl. 2023-02-06/08-06)
36.75,30.25,CA,74,48,3.15,1.038,3.4198,0.016974,0.001555,0.000142,0.572,0.0748,0.0071,1.0,ISC 1990-2023 (excl. 2023-02-06/08-06)
36.75,30.75,CA,80,56,3.15,1.038,3.4867,0.019803,0.001814,0.000166,0.6285,0.0867,0.0083,1.0,ISC 1990-2023 (excl. 2023-02-06/08-06)
36.75,31.25,CA,99,66,3.15,1.038,3.5581,0.02334,0.002138,0.000196,0.6887,0.1014,0.0097,1.0,ISC 1990-2023 (excl. 2023-02-06/08-06)
36.75,31.75,CA,37,25,3.15,1.038,3.1365,0.008841,0.00081,7.4e-05,0.3573,0.0397,0.0037,1.0,ISC 1990-2023 (excl. 2023-02-06/08-06)
36.75,32.25,CA,21,14,3.15,1.038,2.8847,0.004951,0.000454,4.2e-05,0.2193,0.0224,0.0021,1.0,ISC 1990-2023 (excl. 2023-02-06/08-06)
36.75,33.75,CA,36,13,3.15,1.038,2.8525,0.004597,0.000421,3.9e-05,0.2054,0.0208,0.0019,1.0,ISC 1990-2023 (excl. 2023-02-06/08-06)
36.75,34.25,CA,39,20,3.15,1.038,3.0396,0.007073,0.000648,5.9e-05,0.2979,0.0319,0.003,1.0,ISC 1990-2023 (excl. 2023-02-06/08-06)
36.75,34.75,CA,53,31,3.15,1.038,3.2299,0.010963,0.001004,9.2e-05,0.422,0.049,0.0046,1.0,ISC 1990-2023 (excl. 2023-02-06/08-06)
36.75,35.25,CA,48,24,3.15,1.038,3.1188,0.000849,7.8e-05,7e-06,0.0415,0.0039,0.0004,10.0,ISC 1990-2023 (excl. 2023-02-06/08-06)
36.75,35.75,CA,94,53,3.15,1.038,3.4628,0.001874,0.000172,1.6e-05,0.0895,0.0085,0.0008,10.0,ISC 1990-2023 (excl. 2023-02-06/08-06)
36.75,36.25,EAF,52,20,3.15,0.9963,2.9082,0.000845,8.5e-05,9e-06,0.0414,0.0043,0.0004,10.0,ISC 1990-2023 (excl. 2023-02-06/08-06)
36.75,36.75,EAF,46,19,3.15,0.9963,2.886,0.000803,8.1e-05,8e-06,0.0393,0.004,0.0004,10.0,ISC 1990-2023 (excl. 2023-02-06/08-06)
36.75,37.25,EAF,22,8,3.15,0.9963,2.5103,0.000338,3.4e-05,3e-06,0.0168,0.0017,0.0002,10.0,ISC 1990-2023 (excl. 2023-02-06/08-06)
36.75,40.25,EAF,9,6,3.15,0.9963,2.3853,0.002534,0.000256,2.6e-05,0.119,0.0127,0.0013,1.0,ISC 1990-2023 (excl. 2023-02-06/08-06)
36.75,40.75,EAF,14,10,3.15,0.9963,2.6072,0.004224,0.000426,4.3e-05,0.1904,0.0211,0.0021,1.0,ISC 1990-2023 (excl. 2023-02-06/08-06)
36.75,42.25,EAF,17,10,3.15,0.9963,2.6072,0.004224,0.000426,4.3e-05,0.1904,0.0211,0.0021,1.0,ISC 1990-2023 (excl. 2023-02-06/08-06)
36.75,42.75,EAF,18,12,3.15,0.9963,2.6864,0.005069,0.000511,5.2e-05,0.2239,0.0252,0.0026,1.0,ISC 1990-2023 (excl. 2023-02-06/08-06)
36.75,43.25,EAF,19,17,3.15,0.9963,2.8376,0.00718,0.000724,7.3e-05,0.3016,0.0356,0.0036,1.0,ISC 1990-2023 (excl. 2023-02-06/08-06)
36.75,43.75,EAF,18,11,3.15,0.9963,2.6486,0.004646,0.000469,4.7e-05,0.2073,0.0232,0.0024,1.0,ISC 1990-2023 (excl. 2023-02-06/08-06)
37.25,26.25,CA,27,18,3.15,1.038,2.9938,0.006365,0.000583,5.3e-05,0.2726,0.0287,0.0027,1.0,ISC 1990-2023 (excl. 2023-02-06/08-06)
37.25,26.75,CA,156,101,3.15,1.3037,4.5798,0.011517,0.000572,2.8e-05,0.4378,0.0282,0.0014,1.0,ISC 1990-2023 (excl. 2023-02-06/08-06)
37.25,27.25,CA,94,58,3.15,1.5113,4.9929,0.002731,8.4e-05,3e-06,0.1277,0.0042,0.0001,1.0,ISC 1990-2023 (excl. 2023-02-06/08-06)
37.25,27.75,CA,421,201,3.15,1.2838,4.816,0.024947,0.001298,6.8e-05,0.7127,0.0628,0.0034,1.0,ISC 1990-2023 (excl. 2023-02-06/08-06)
37.25,28.25,CA,454,194,3.15,1.3836,5.115,0.01574,0.000651,2.7e-05,0.5448,0.032,0.0013,1.0,ISC 1990-2023 (excl. 2023-02-06/08-06)
37.25,28.75,CA,407,193,3.15,0.8907,3.5601,0.127825,0.016441,0.002115,0.9983,0.5605,0.1003,1.0,ISC 1990-2023 (excl. 2023-02-06/08-06)
37.25,29.25,CA,496,255,3.15,1.0265,4.1089,0.094704,0.00891,0.000838,0.9912,0.3595,0.041,1.0,ISC 1990-2023 (excl. 2023-02-06/08-06)
37.25,29.75,CA,161,87,3.15,1.0911,3.8453,0.024538,0.001989,0.000161,0.7068,0.0947,0.008,1.0,ISC 1990-2023 (excl. 2023-02-06/08-06)
37.25,30.25,CA,152,81,3.15,1.2053,4.174,0.014045,0.000875,5.5e-05,0.5045,0.0428,0.0027,1.0,ISC 1990-2023 (excl. 2023-02-06/08-06)
37.25,30.75,CA,143,77,3.15,0.956,3.3667,0.038614,0.004273,0.000473,0.855,0.1924,0.0234,1.0,ISC 1990-2023 (excl. 2023-02-06/08-06)
37.25,31.25,CA,79,51,3.15,1.038,3.4461,0.018035,0.001652,0.000151,0.5941,0.0793,0.0075,1.0,ISC 1990-2023 (excl. 2023-02-06/08-06)
37.25,31.75,CA,42,18,3.15,1.038,2.9938,0.006365,0.000583,5.3e-05,0.2726,0.0287,0.0027,1.0,ISC 1990-2023 (excl. 2023-02-06/08-06)
37.25,32.25,CA,16,10,3.15,1.038,2.7386,0.003536,0.000324,3e-05,0.1621,0.0161,0.0015,1.0,ISC 1990-2023 (excl. 2023-02-06/08-06)
37.25,33.25,CA,13,8,3.15,1.038,2.6416,0.002829,0.000259,2.4e-05,0.1319,0.0129,0.0012,1.0,ISC 1990-2023 (excl. 2023-02-06/08-06)
37.25,34.25,CA,25,10,3.15,1.038,2.7386,0.003536,0.000324,3e-05,0.1621,0.0161,0.0015,1.0,ISC 1990-2023 (excl. 2023-02-06/08-06)
37.25,34.75,CA,57,29,3.15,1.038,3.201,0.010255,0.00094,8.6e-05,0.4012,0.0459,0.0043,1.0,ISC 1990-2023 (excl. 2023-02-06/08-06)
37.25,35.25,CA,51,30,3.15,1.038,3.2157,0.001061,9.7e-05,9e-06,0.0517,0.0048,0.0004,10.0,ISC 1990-2023 (excl. 2023-02-06/08-06)
37.25,35.75,CA,203,86,3.15,0.956,3.4148,0.004313,0.000477,5.3e-05,0.194,0.0236,0.0026,10.0,ISC 1990-2023 (excl. 2023-02-06/08-06)
37.25,36.25,EAF,293,172,3.15,0.7471,3.0577,0.021001,0.00376,0.000673,0.6501,0.1714,0.0331,10.0,ISC 1990-2023 (excl. 2023-02-06/08-06)
37.25,36.75,EAF,78,38,3.15,0.9963,3.187,0.001605,0.000162,1.6e-05,0.0771,0.0081,0.0008,10.0,ISC 1990-2023 (excl. 2023-02-06/08-06)
37.25,37.25,EAF,240,75,3.15,0.9963,3.4823,0.003168,0.000319,3.2e-05,0.1465,0.0158,0.0016,10.0,ISC 1990-2023 (excl. 2023-02-06/08-06)
37.25,37.75,EAF,31,12,3.15,0.9963,2.6864,0.000507,5.1e-05,5e-06,0.025,0.0026,0.0003,10.0,ISC 1990-2023 (excl. 2023-02-06/08-06)
37.25,38.75,EAF,139,49,3.15,0.9963,3.2974,0.00207,0.000209,2.1e-05,0.0983,0.0104,0.0011,10.0,ISC 1990-2023 (excl. 2023-02-06/08-06)
37.25,39.25,EAF,36,7,3.15,0.9963,2.4523,0.000296,3e-05,3e-06,0.0147,0.0015,0.0002,10.0,ISC 1990-2023 (excl. 2023-02-06/08-06)
37.25,42.25,EAF,34,12,3.15,0.9963,2.6864,0.005069,0.000511,5.2e-05,0.2239,0.0252,0.0026,1.0,ISC 1990-2023 (excl. 2023-02-06/08-06)
37.25,42.75,EAF,44,23,3.15,0.9963,2.9689,0.009715,0.00098,9.9e-05,0.3848,0.0478,0.0049,1.0,ISC 1990-2023 (excl. 2023-02-06/08-06)
37.25,43.75,EAF,40,30,3.15,0.9963,3.0843,0.012671,0.001278,0.000129,0.4693,0.0619,0.0064,1.0,ISC 1990-2023 (excl. 2023-02-06/08-06)
37.75,26.25,CA,142,86,3.15,0.9491,3.393,0.044414,0.004994,0.000561,0.8915,0.221,0.0277,1.0,ISC 1990-2023 (excl. 2023-02-06/08-06)
37.75,26.75,CA,633,400,3.15,1.0019,4.2269,0.164968,0.016425,0.001635,0.9997,0.5601,0.0785,1.0,ISC 1990-2023 (excl. 2023-02-06/08-06)
37.75,27.25,CA,501,259,3.15,1.2641,4.8641,0.03496,0.001903,0.000104,0.8259,0.0908,0.0052,1.0,ISC 1990-2023 (excl. 2023-02-06/08-06)
37.75,27.75,CA,186,85,3.15,1.038,3.668,0.030059,0.002754,0.000252,0.7775,0.1286,0.0125,1.0,ISC 1990-2023 (excl. 2023-02-06/08-06)
37.75,28.25,CA,31,19,3.15,1.038,3.0173,0.006719,0.000616,5.6e-05,0.2853,0.0303,0.0028,1.0,ISC 1990-2023 (excl. 2023-02-06/08-06)
37.75,28.75,CA,156,72,3.15,1.038,3.5959,0.025462,0.002333,0.000214,0.72,0.1101,0.0106,1.0,ISC 1990-2023 (excl. 2023-02-06/08-06)
37.75,29.25,CA,836,390,3.15,1.3977,5.4627,0.029797,0.001193,4.8e-05,0.7746,0.0579,0.0024,1.0,ISC 1990-2023 (excl. 2023-02-06/08-06)
37.75,29.75,CA,201,90,3.15,0.9069,3.2798,0.055633,0.006893,0.000854,0.9381,0.2915,0.0418,1.0,ISC 1990-2023 (excl. 2023-02-06/08-06)
37.75,30.25,CA,107,50,3.15,1.038,3.4375,0.017682,0.00162,0.000148,0.5869,0.0778,0.0074,1.0,ISC 1990-2023 (excl. 2023-02-06/08-06)
37.75,30.75,CA,235,108,3.15,1.038,3.772,0.038192,0.003499,0.000321,0.8519,0.1605,0.0159,1.0,ISC 1990-2023 (excl. 2023-02-06/08-06)
37.75,31.25,CA,36,18,3.15,1.038,2.9938,0.006365,0.000583,5.3e-05,0.2726,0.0287,0.0027,1.0,ISC 1990-2023 (excl. 2023-02-06/08-06)
37.75,31.75,CA,20,12,3.15,1.038,2.8177,0.004244,0.000389,3.6e-05,0.1912,0.0193,0.0018,1.0,ISC 1990-2023 (excl. 2023-02-06/08-06)
37.75,32.25,CA,46,28,3.15,1.038,3.1857,0.009902,0.000907,8.3e-05,0.3905,0.0443,0.0041,1.0,ISC 1990-2023 (excl. 2023-02-06/08-06)
37.75,32.75,CA,25,13,3.15,1.038,2.8525,0.004597,0.000421,3.9e-05,0.2054,0.0208,0.0019,1.0,ISC 1990-2023 (excl. 2023-02-06/08-06)
37.75,33.75,CA,24,18,3.15,1.038,2.9938,0.006365,0.000583,5.3e-05,0.2726,0.0287,0.0027,1.0,ISC 1990-2023 (excl. 2023-02-06/08-06)
37.75,34.25,CA,13,10,3.15,1.038,2.7386,0.003536,0.000324,3e-05,0.1621,0.0161,0.0015,1.0,ISC 1990-2023 (excl. 2023-02-06/08-06)
37.75,34.75,CA,28,10,3.15,1.038,2.7386,0.003536,0.000324,3e-05,0.1621,0.0161,0.0015,1.0,ISC 1990-2023 (excl. 2023-02-06/08-06)
37.75,35.25,CA,51,26,3.15,1.038,3.1535,0.000919,8.4e-05,8e-06,0.0449,0.0042,0.0004,10.0,ISC 1990-2023 (excl. 2023-02-06/08-06)
37.75,35.75,CA,151,79,3.15,1.038,3.6362,0.002794,0.000256,2.3e-05,0.1304,0.0127,0.0012,10.0,ISC 1990-2023 (excl. 2023-02-06/08-06)
37.75,36.25,EAF,227,102,3.15,1.0543,3.7985,0.003365,0.000297,2.6e-05,0.1549,0.0147,0.0013,10.0,ISC 1990-2023 (excl. 2023-02-06/08-06)
37.75,36.75,EAF,45,15,3.15,0.9963,2.7833,0.000634,6.4e-05,6e-06,0.0312,0.0032,0.0003,10.0,ISC 1990-2023 (excl. 2023-02-06/08-06)
37.75,37.25,EAF,86,39,3.15,0.9963,3.1983,0.001647,0.000166,1.7e-05,0.0791,0.0083,0.0008,10.0,ISC 1990-2023 (excl. 2023-02-06/08-06)
37.75,37.75,EAF,65,25,3.15,0.9963,3.0051,0.001056,0.000106,1.1e-05,0.0514,0.0053,0.0005,10.0,ISC 1990-2023 (excl. 2023-02-06/08-06)
37.75,38.25,EAF,77,44,3.15,0.9963,3.2507,0.001858,0.000187,1.9e-05,0.0887,0.0093,0.0009,10.0,ISC 1990-2023 (excl. 2023-02-06/08-06)
37.75,38.75,EAF,105,50,3.15,0.9963,3.3062,0.002112,0.000213,2.1e-05,0.1002,0.0106,0.0011,10.0,ISC 1990-2023 (excl. 2023-02-06/08-06)
37.75,39.25,EAF,5,5,3.15,0.9963,2.3062,0.000211,2.1e-05,2e-06,0.0105,0.0011,0.0001,10.0,ISC 1990-2023 (excl. 2023-02-06/08-06)
37.75,39.75,EAF,8,6,3.15,0.9963,2.3853,0.002534,0.000256,2.6e-05,0.119,0.0127,0.0013,1.0,ISC 1990-2023 (excl. 2023-02-06/08-06)
37.75,41.25,EAF,9,5,3.15,0.9963,2.3062,0.002112,0.000213,2.1e-05,0.1002,0.0106,0.0011,1.0,ISC 1990-2023 (excl. 2023-02-06/08-06)
37.75,41.75,EAF,19,11,3.15,0.9963,2.6486,0.004646,0.000469,4.7e-05,0.2073,0.0232,0.0024,1.0,ISC 1990-2023 (excl. 2023-02-06/08-06)
37.75,42.25,EAF,26,15,3.15,0.9963,2.7833,0.006336,0.000639,6.4e-05,0.2715,0.0314,0.0032,1.0,ISC 1990-2023 (excl. 2023-02-06/08-06)
37.75,42.75,EAF,50,30,3.15,0.9963,3.0843,0.012671,0.001278,0.000129,0.4693,0.0619,0.0064,1.0,ISC 1990-2023 (excl. 2023-02-06/08-06)
37.75,43.25,EAF,45,29,3.15,0.9963,3.0696,0.012249,0.001235,0.000125,0.458,0.0599,0.0062,1.0,ISC 1990-2023 (excl. 2023-02-06/08-06)
37.75,43.75,EAF,219,116,3.15,0.8455,3.1966,0.09314,0.013293,0.001897,0.9905,0.4856,0.0905,1.0,ISC 1990-2023 (excl. 2023-02-06/08-06)
38.25,26.25,CA,375,196,3.15,1.5788,5.7343,0.006924,0.000183,5e-06,0.2926,0.0091,0.0002,1.0,ISC 1990-2023 (excl. 2023-02-06/08-06)
38.25,26.75,CA,1407,729,3.15,1.2619,5.3066,0.099327,0.005435,0.000297,0.993,0.2379,0.0148,1.0,ISC 1990-2023 (excl. 2023-02-06/08-06)
38.25,27.25,CA,446,193,3.15,1.0249,3.9828,0.072168,0.006815,0.000643,0.9729,0.2888,0.0317,1.0,ISC 1990-2023 (excl. 2023-02-06/08-06)
38.25,27.75,CA,118,60,3.15,1.038,3.5167,0.021218,0.001944,0.000178,0.6539,0.0926,0.0089,1.0,ISC 1990-2023 (excl. 2023-02-06/08-06)
38.25,28.25,CA,87,35,3.15,1.038,3.2826,0.012377,0.001134,0.000104,0.4614,0.0551,0.0052,1.0,ISC 1990-2023 (excl. 2023-02-06/08-06)
38.25,28.75,CA,318,130,3.15,0.8695,3.3217,0.094237,0.012727,0.001719,0.991,0.4708,0.0824,1.0,ISC 1990-2023 (excl. 2023-02-06/08-06)
38.25,29.25,CA,63,22,3.15,1.038,3.081,0.00778,0.000713,6.5e-05,0.3223,0.035,0.0033,1.0,ISC 1990-2023 (excl. 2023-02-06/08-06)
38.25,29.75,CA,97,32,3.15,1.038,3.2437,0.011316,0.001037,9.5e-05,0.4321,0.0505,0.0047,1.0,ISC 1990-2023 (excl. 2023-02-06/08-06)
38.25,30.25,CA,473,296,3.15,1.0527,4.2562,0.098322,0.008709,0.000771,0.9927,0.353,0.0378,1.0,ISC 1990-2023 (excl. 2023-02-06/08-06)
38.25,30.75,CA,142,62,3.15,1.038,3.5309,0.021925,0.002009,0.000184,0.6659,0.0956,0.0092,1.0,ISC 1990-2023 (excl. 2023-02-06/08-06)
38.25,31.25,CA,95,39,3.15,1.038,3.3296,0.013792,0.001264,0.000116,0.4982,0.0612,0.0058,1.0,ISC 1990-2023 (excl. 2023-02-06/08-06)
38.25,31.75,CA,47,20,3.15,1.038,3.0396,0.007073,0.000648,5.9e-05,0.2979,0.0319,0.003,1.0,ISC 1990-2023 (excl. 2023-02-06/08-06)
38.25,32.25,CA,12,5,3.15,1.038,2.4375,0.001768,0.000162,1.5e-05,0.0846,0.0081,0.0007,1.0,ISC 1990-2023 (excl. 2023-02-06/08-06)
38.25,33.75,CA,12,7,3.15,1.038,2.5837,0.002475,0.000227,2.1e-05,0.1164,0.0113,0.001,1.0,ISC 1990-2023 (excl. 2023-02-06/08-06)
38.25,34.25,CA,22,16,3.15,1.038,2.9427,0.005658,0.000518,4.7e-05,0.2464,0.0256,0.0024,1.0,ISC 1990-2023 (excl. 2023-02-06/08-06)
38.25,34.75,CA,9,6,3.15,1.038,2.5167,0.002122,0.000194,1.8e-05,0.1007,0.0097,0.0009,1.0,ISC 1990-2023 (excl. 2023-02-06/08-06)
38.25,35.25,CA,26,8,3.15,1.038,2.6416,0.000283,2.6e-05,2e-06,0.014,0.0013,0.0001,10.0,ISC 1990-2023 (excl. 2023-02-06/08-06)
38.25,35.75,CA,9,6,3.15,1.038,2.5167,0.000212,1.9e-05,2e-06,0.0106,0.001,0.0001,10.0,ISC 1990-2023 (excl. 2023-02-06/08-06)
38.25,36.25,EAF,32,14,3.15,0.9963,2.7533,0.000591,6e-05,6e-06,0.0291,0.003,0.0003,10.0,ISC 1990-2023 (excl. 2023-02-06/08-06)
38.25,36.75,EAF,41,21,3.15,0.9963,2.9294,0.000887,8.9e-05,9e-06,0.0434,0.0045,0.0005,10.0,ISC 1990-2023 (excl. 2023-02-06/08-06)
38.25,37.25,EAF,70,28,3.15,0.9963,3.0544,0.001183,0.000119,1.2e-05,0.0574,0.0059,0.0006,10.0,ISC 1990-2023 (excl. 2023-02-06/08-06)
38.25,37.75,EAF,63,26,3.15,0.9963,3.0222,0.001098,0.000111,1.1e-05,0.0534,0.0055,0.0006,10.0,ISC 1990-2023 (excl. 2023-02-06/08-06)
38.25,38.25,EAF,111,52,3.15,0.9963,3.3232,0.002196,0.000222,2.2e-05,0.104,0.011,0.0011,10.0,ISC 1990-2023 (excl. 2023-02-06/08-06)
38.25,38.75,EAF,435,256,3.15,0.722,3.1514,0.034785,0.006598,0.001251,0.8243,0.281,0.0607,10.0,ISC 1990-2023 (excl. 2023-02-06/08-06)
38.25,39.25,EAF,673,389,3.15,0.816,3.6292,0.035416,0.00541,0.000826,0.8298,0.237,0.0405,10.0,ISC 1990-2023 (excl. 2023-02-06/08-06)
38.25,39.75,EAF,24,11,3.15,0.9963,2.6486,0.004646,0.000469,4.7e-05,0.2073,0.0232,0.0024,1.0,ISC 1990-2023 (excl. 2023-02-06/08-06)
38.25,40.25,EAF,21,13,3.15,0.9963,2.7211,0.005491,0.000554,5.6e-05,0.2401,0.0273,0.0028,1.0,ISC 1990-2023 (excl. 2023-02-06/08-06)
38.25,40.75,EAF,25,10,3.15,0.9963,2.6072,0.004224,0.000426,4.3e-05,0.1904,0.0211,0.0021,1.0,ISC 1990-2023 (excl. 2023-02-06/08-06)
38.25,41.25,EAF,29,18,3.15,0.9963,2.8625,0.007603,0.000767,7.7e-05,0.3162,0.0376,0.0039,1.0,ISC 1990-2023 (excl. 2023-02-06/08-06)
38.25,41.75,EAF,40,21,3.15,0.9963,2.9294,0.00887,0.000895,9e-05,0.3582,0.0437,0.0045,1.0,ISC 1990-2023 (excl. 2023-02-06/08-06)
38.25,42.25,EAF,42,23,3.15,0.9963,2.9689,0.009715,0.00098,9.9e-05,0.3848,0.0478,0.0049,1.0,ISC 1990-2023 (excl. 2023-02-06/08-06)
38.25,42.75,EAF,188,91,3.15,0.9183,3.3205,0.053585,0.006468,0.000781,0.9314,0.2763,0.0383,1.0,ISC 1990-2023 (excl. 2023-02-06/08-06)
38.25,43.25,EAF,132,68,3.15,0.9963,3.4397,0.028722,0.002897,0.000292,0.7621,0.1348,0.0145,1.0,ISC 1990-2023 (excl. 2023-02-06/08-06)
38.25,43.75,EAF,30,18,3.15,0.9963,2.8625,0.007603,0.000767,7.7e-05,0.3162,0.0376,0.0039,1.0,ISC 1990-2023 (excl. 2023-02-06/08-06)
38.75,26.25,CA,723,434,3.15,0.9718,4.1675,0.203476,0.021713,0.002317,1.0,0.6623,0.1094,1.0,ISC 1990-2023 (excl. 2023-02-06/08-06)
38.75,26.75,CA,638,303,3.15,1.22,4.7933,0.049351,0.002974,0.000179,0.9152,0.1382,0.0089,1.0,ISC 1990-2023 (excl. 2023-02-06/08-06)
38.75,27.25,CA,351,168,3.15,1.2958,4.7759,0.019812,0.001003,5.1e-05,0.6286,0.0489,0.0025,1.0,ISC 1990-2023 (excl. 2023-02-06/08-06)
38.75,27.75,CA,524,264,3.15,0.7964,3.3991,0.261287,0.041756,0.006673,1.0,0.876,0.2837,1.0,ISC 1990-2023 (excl. 2023-02-06/08-06)
38.75,28.25,CA,63,22,3.15,1.038,3.081,0.00778,0.000713,6.5e-05,0.3223,0.035,0.0033,1.0,ISC 1990-2023 (excl. 2023-02-06/08-06)
38.75,28.75,CA,28,8,3.15,1.038,2.6416,0.002829,0.000259,2.4e-05,0.1319,0.0129,0.0012,1.0,ISC 1990-2023 (excl. 2023-02-06/08-06)
38.75,29.25,CA,50,20,3.15,1.038,3.0396,0.007073,0.000648,5.9e-05,0.2979,0.0319,0.003,1.0,ISC 1990-2023 (excl. 2023-02-06/08-06)
38.75,29.75,CA,98,40,3.15,1.038,3.3406,0.014145,0.001296,0.000119,0.507,0.0627,0.0059,1.0,ISC 1990-2023 (excl. 2023-02-06/08-06)
38.75,30.25,CA,104,43,3.15,1.038,3.372,0.015206,0.001393,0.000128,0.5325,0.0673,0.0064,1.0,ISC 1990-2023 (excl. 2023-02-06/08-06)
38.75,30.75,CA,359,157,3.15,0.9467,3.6469,0.081914,0.009261,0.001047,0.9834,0.3706,0.051,1.0,ISC 1990-2023 (excl. 2023-02-06/08-06)
38.75,31.25,CA,454,196,3.15,1.1776,4.4705,0.038243,0.002541,0.000169,0.8522,0.1193,0.0084,1.0,ISC 1990-2023 (excl. 2023-02-06/08-06)
38.75,31.75,CA,61,31,3.15,1.038,3.2299,0.010963,0.001004,9.2e-05,0.422,0.049,0.0046,1.0,ISC 1990-2023 (excl. 2023-02-06/08-06)
38.75,32.25,CA,17,9,3.15,1.038,2.6928,0.003183,0.000292,2.7e-05,0.1471,0.0145,0.0013,1.0,ISC 1990-2023 (excl. 2023-02-06/08-06)
38.75,32.75,CA,19,14,3.15,1.038,2.8847,0.004951,0.000454,4.2e-05,0.2193,0.0224,0.0021,1.0,ISC 1990-2023 (excl. 2023-02-06/08-06)
38.75,33.25,CA,29,15,3.15,1.038,2.9146,0.005305,0.000486,4.5e-05,0.233,0.024,0.0022,1.0,ISC 1990-2023 (excl. 2023-02-06/08-06)
38.75,33.75,CA,7,5,3.15,1.038,2.4375,0.001768,0.000162,1.5e-05,0.0846,0.0081,0.0007,1.0,ISC 1990-2023 (excl. 2023-02-06/08-06)
38.75,34.25,CA,9,5,3.15,1.038,2.4375,0.001768,0.000162,1.5e-05,0.0846,0.0081,0.0007,1.0,ISC 1990-2023 (excl. 2023-02-06/08-06)
38.75,35.25,CA,22,9,3.15,1.038,2.6928,0.000318,2.9e-05,3e-06,0.0158,0.0015,0.0001,10.0,ISC 1990-2023 (excl. 2023-02-06/08-06)
38.75,35.75,CA,162,63,3.15,1.038,3.5379,0.002228,0.000204,1.9e-05,0.1054,0.0102,0.0009,10.0,ISC 1990-2023 (excl. 2023-02-06/08-06)
38.75,36.75,EAF,15,9,3.15,0.9963,2.5614,0.00038,3.8e-05,4e-06,0.0188,0.0019,0.0002,10.0,ISC 1990-2023 (excl. 2023-02-06/08-06)
38.75,37.25,EAF,35,15,3.15,0.9963,2.7833,0.000634,6.4e-05,6e-06,0.0312,0.0032,0.0003,10.0,ISC 1990-2023 (excl. 2023-02-06/08-06)
38.75,37.75,EAF,32,18,3.15,0.9963,2.8625,0.00076,7.7e-05,8e-06,0.0373,0.0038,0.0004,10.0,ISC 1990-2023 (excl. 2023-02-06/08-06)
38.75,38.25,EAF,141,68,3.15,0.9158,3.1861,0.004047,0.000491,6e-05,0.1832,0.0243,0.003,10.0,ISC 1990-2023 (excl. 2023-02-06/08-06)
38.75,38.75,EAF,38,16,3.15,0.9963,2.8113,0.000676,6.8e-05,7e-06,0.0332,0.0034,0.0003,10.0,ISC 1990-2023 (excl. 2023-02-06/08-06)
38.75,39.25,EAF,112,63,3.15,0.9963,3.4065,0.002661,0.000268,2.7e-05,0.1246,0.0133,0.0014,10.0,ISC 1990-2023 (excl. 2023-02-06/08-06)
38.75,39.75,EAF,232,117,3.15,1.1729,4.2317,0.02329,0.001564,0.000105,0.6879,0.0752,0.0052,1.0,ISC 1990-2023 (excl. 2023-02-06/08-06)
38.75,40.25,EAF,422,236,3.15,0.8013,3.3659,0.22875,0.036146,0.005712,1.0,0.8359,0.2484,1.0,ISC 1990-2023 (excl. 2023-02-06/08-06)
38.75,40.75,EAF,128,75,3.15,0.9963,3.4823,0.031678,0.003195,0.000322,0.7948,0.1476,0.016,1.0,ISC 1990-2023 (excl. 2023-02-06/08-06)
38.75,41.25,EAF,48,21,3.15,0.9963,2.9294,0.00887,0.000895,9e-05,0.3582,0.0437,0.0045,1.0,ISC 1990-2023 (excl. 2023-02-06/08-06)
38.75,41.75,EAF,53,31,3.15,0.9963,3.0986,0.013094,0.001321,0.000133,0.4804,0.0639,0.0066,1.0,ISC 1990-2023 (excl. 2023-02-06/08-06)
38.75,42.25,EAF,111,64,3.15,0.9963,3.4134,0.027032,0.002726,0.000275,0.7412,0.1274,0.0137,1.0,ISC 1990-2023 (excl. 2023-02-06/08-06)
38.75,42.75,EAF,82,48,3.15,0.9963,3.2884,0.020274,0.002045,0.000206,0.6371,0.0972,0.0103,1.0,ISC 1990-2023 (excl. 2023-02-06/08-06)
38.75,43.25,EAF,947,512,3.15,0.7796,3.6339,0.544331,0.09042,0.01502,1.0,0.9891,0.5281,1.0,ISC 1990-2023 (excl. 2023-02-06/08-06)
38.75,43.75,EAF,695,395,3.15,0.8232,3.6585,0.348763,0.0524,0.007873,1.0,0.9272,0.3254,1.0,ISC 1990-2023 (excl. 2023-02-06/08-06)
39.25,26.25,NAF,435,205,3.15,1.181,4.5008,0.039424,0.002599,0.000171,0.8607,0.1218,0.0085,1.0,ISC 1990-2023 (excl. 2023-02-06/08-06)
39.25,26.75,NAF,198,87,3.15,1.5933,5.4273,0.002889,7.4e-05,2e-06,0.1345,0.0037,0.0001,1.0,ISC 1990-2023 (excl. 2023-02-06/08-06)
39.25,27.25,NAF,144,43,3.15,1.1581,3.7503,0.009117,0.000633,4.4e-05,0.3661,0.0312,0.0022,1.0,ISC 1990-2023 (excl. 2023-02-06/08-06)
39.25,27.75,NAF,1060,470,3.15,1.0177,4.3467,0.18122,0.017398,0.00167,0.9999,0.581,0.0801,1.0,ISC 1990-2023 (excl. 2023-02-06/08-06)
39.25,28.25,NAF,383,148,3.15,1.3993,5.0469,0.011231,0.000448,1.8e-05,0.4297,0.0221,0.0009,1.0,ISC 1990-2023 (excl. 2023-02-06/08-06)
39.25,28.75,NAF,190,83,3.15,1.1581,4.0359,0.017597,0.001223,8.5e-05,0.5852,0.0593,0.0042,1.0,ISC 1990-2023 (excl. 2023-02-06/08-06)
39.25,29.25,NAF,896,400,3.15,0.8835,3.8539,0.273173,0.035722,0.004671,1.0,0.8324,0.2083,1.0,ISC 1990-2023 (excl. 2023-02-06/08-06)
39.25,29.75,NAF,82,40,3.15,1.1581,3.7189,0.008481,0.000589,4.1e-05,0.3456,0.029,0.002,1.0,ISC 1990-2023 (excl. 2023-02-06/08-06)
39.25,30.25,NAF,46,20,3.15,1.1581,3.4179,0.00424,0.000295,2e-05,0.191,0.0146,0.001,1.0,ISC 1990-2023 (excl. 2023-02-06/08-06)
39.25,30.75,NAF,17,7,3.15,1.1581,2.962,0.001484,0.000103,7e-06,0.0715,0.0051,0.0004,1.0,ISC 1990-2023 (excl. 2023-02-06/08-06)
39.25,31.25,NAF,39,15,3.15,1.1581,3.293,0.00318,0.000221,1.5e-05,0.147,0.011,0.0008,1.0,ISC 1990-2023 (excl. 2023-02-06/08-06)
39.25,31.75,NAF,18,7,3.15,1.1581,2.962,0.001484,0.000103,7e-06,0.0715,0.0051,0.0004,1.0,ISC 1990-2023 (excl. 2023-02-06/08-06)
39.25,32.25,NAF,22,14,3.15,1.1581,3.263,0.002968,0.000206,1.4e-05,0.1379,0.0103,0.0007,1.0,ISC 1990-2023 (excl. 2023-02-06/08-06)
39.25,32.75,NAF,51,27,3.15,1.1581,3.5482,0.005724,0.000398,2.8e-05,0.2489,0.0197,0.0014,1.0,ISC 1990-2023 (excl. 2023-02-06/08-06)
39.25,33.25,NAF,753,375,3.15,1.1585,4.6922,0.079371,0.00551,0.000383,0.9811,0.2408,0.0189,1.0,ISC 1990-2023 (excl. 2023-02-06/08-06)
39.25,33.75,NAF,28,12,3.15,1.1581,3.196,0.002544,0.000177,1.2e-05,0.1195,0.0088,0.0006,1.0,ISC 1990-2023 (excl. 2023-02-06/08-06)
39.25,34.25,NAF,29,11,3.15,1.1581,3.1583,0.002332,0.000162,1.1e-05,0.1101,0.0081,0.0006,1.0,ISC 1990-2023 (excl. 2023-02-06/08-06)
39.25,34.75,NAF,16,7,3.15,1.1581,2.962,0.001484,0.000103,7e-06,0.0715,0.0051,0.0004,1.0,ISC 1990-2023 (excl. 2023-02-06/08-06)
39.25,35.75,NAF,44,28,3.15,1.1581,3.564,0.005936,0.000413,2.9e-05,0.2568,0.0204,0.0014,1.0,ISC 1990-2023 (excl. 2023-02-06/08-06)
39.25,36.25,CA,74,43,3.15,1.038,3.372,0.015206,0.001393,0.000128,0.5325,0.0673,0.0064,1.0,ISC 1990-2023 (excl. 2023-02-06/08-06)
39.25,36.75,CA,45,31,3.15,1.038,3.2299,0.010963,0.001004,9.2e-05,0.422,0.049,0.0046,1.0,ISC 1990-2023 (excl. 2023-02-06/08-06)
39.25,37.25,CA,51,18,3.15,1.038,2.9938,0.006365,0.000583,5.3e-05,0.2726,0.0287,0.0027,1.0,ISC 1990-2023 (excl. 2023-02-06/08-06)
39.25,37.75,CA,33,17,3.15,1.038,2.969,0.006012,0.000551,5e-05,0.2596,0.0272,0.0025,1.0,ISC 1990-2023 (excl. 2023-02-06/08-06)
39.25,38.25,CA,86,44,3.15,1.038,3.382,0.01556,0.001426,0.000131,0.5407,0.0688,0.0065,1.0,ISC 1990-2023 (excl. 2023-02-06/08-06)
39.25,38.75,CA,49,26,3.15,1.038,3.1535,0.009194,0.000842,7.7e-05,0.3685,0.0412,0.0039,1.0,ISC 1990-2023 (excl. 2023-02-06/08-06)
39.25,39.25,CA,59,20,3.15,1.038,3.0396,0.007073,0.000648,5.9e-05,0.2979,0.0319,0.003,1.0,ISC 1990-2023 (excl. 2023-02-06/08-06)
39.25,39.75,CA,145,76,3.15,1.038,3.6194,0.026876,0.002462,0.000226,0.7391,0.1158,0.0112,1.0,ISC 1990-2023 (excl. 2023-02-06/08-06)
39.25,40.25,CA,744,492,3.15,1.0451,4.4529,0.168804,0.015215,0.001371,0.9998,0.5327,0.0663,1.0,ISC 1990-2023 (excl. 2023-02-06/08-06)
39.25,40.75,CA,390,224,3.15,0.8207,3.4043,0.199897,0.030207,0.004565,1.0,0.7792,0.2041,1.0,ISC 1990-2023 (excl. 2023-02-06/08-06)
39.25,41.25,CA,168,94,3.15,1.038,3.7117,0.033242,0.003046,0.000279,0.8103,0.1413,0.0139,1.0,ISC 1990-2023 (excl. 2023-02-06/08-06)
39.25,41.75,CA,143,75,3.15,1.038,3.6136,0.026523,0.00243,0.000223,0.7345,0.1144,0.0111,1.0,ISC 1990-2023 (excl. 2023-02-06/08-06)
39.25,42.25,CA,70,31,3.15,1.038,3.2299,0.010963,0.001004,9.2e-05,0.422,0.049,0.0046,1.0,ISC 1990-2023 (excl. 2023-02-06/08-06)
39.25,42.75,CA,33,19,3.15,1.038,3.0173,0.006719,0.000616,5.6e-05,0.2853,0.0303,0.0028,1.0,ISC 1990-2023 (excl. 2023-02-06/08-06)
39.25,43.25,CA,19,16,3.15,1.038,2.9427,0.005658,0.000518,4.7e-05,0.2464,0.0256,0.0024,1.0,ISC 1990-2023 (excl. 2023-02-06/08-06)
39.25,43.75,CA,62,33,3.15,1.038,3.2571,0.01167,0.001069,9.8e-05,0.4421,0.0521,0.0049,1.0,ISC 1990-2023 (excl. 2023-02-06/08-06)
39.75,26.25,NAF,358,163,3.15,0.6826,2.8312,0.261958,0.054404,0.011299,1.0,0.9341,0.4316,1.0,ISC 1990-2023 (excl. 2023-02-06/08-06)
39.75,26.75,NAF,96,45,3.15,1.1581,3.7701,0.009541,0.000663,4.6e-05,0.3794,0.0326,0.0023,1.0,ISC 1990-2023 (excl. 2023-02-06/08-06)
39.75,27.25,NAF,72,32,3.15,1.1581,3.622,0.006785,0.000471,3.3e-05,0.2877,0.0233,0.0016,1.0,ISC 1990-2023 (excl. 2023-02-06/08-06)
39.75,27.75,NAF,155,76,3.15,1.1581,3.9977,0.016113,0.00112,7.8e-05,0.5532,0.0544,0.0039,1.0,ISC 1990-2023 (excl. 2023-02-06/08-06)
39.75,28.25,NAF,69,25,3.15,1.1581,3.5148,0.0053,0.000368,2.6e-05,0.2328,0.0182,0.0013,1.0,ISC 1990-2023 (excl. 2023-02-06/08-06)
39.75,28.75,NAF,186,73,3.15,1.1581,3.9802,0.015477,0.001075,7.5e-05,0.5388,0.0524,0.0037,1.0,ISC 1990-2023 (excl. 2023-02-06/08-06)
39.75,29.25,NAF,250,48,3.15,1.1581,3.7981,0.010177,0.000707,4.9e-05,0.3988,0.0347,0.0025,1.0,ISC 1990-2023 (excl. 2023-02-06/08-06)
39.75,30.25,NAF,36,14,3.15,1.1581,3.263,0.002968,0.000206,1.4e-05,0.1379,0.0103,0.0007,1.0,ISC 1990-2023 (excl. 2023-02-06/08-06)
39.75,30.75,NAF,51,18,3.15,1.1581,3.3721,0.003816,0.000265,1.8e-05,0.1737,0.0132,0.0009,1.0,ISC 1990-2023 (excl. 2023-02-06/08-06)
39.75,32.25,NAF,18,8,3.15,1.1581,3.02,0.001696,0.000118,8e-06,0.0813,0.0059,0.0004,1.0,ISC 1990-2023 (excl. 2023-02-06/08-06)
39.75,32.75,NAF,45,24,3.15,1.1581,3.4971,0.005088,0.000354,2.5e-05,0.2246,0.0175,0.0012,1.0,ISC 1990-2023 (excl. 2023-02-06/08-06)
39.75,33.25,NAF,89,35,3.15,1.1581,3.6609,0.007421,0.000516,3.6e-05,0.31,0.0255,0.0018,1.0,ISC 1990-2023 (excl. 2023-02-06/08-06)
39.75,33.75,NAF,33,13,3.15,1.1581,3.2308,0.002756,0.000192,1.3e-05,0.1287,0.0095,0.0007,1.0,ISC 1990-2023 (excl. 2023-02-06/08-06)
39.75,34.25,NAF,22,10,3.15,1.1581,3.1169,0.00212,0.000147,1e-05,0.1006,0.0073,0.0005,1.0,ISC 1990-2023 (excl. 2023-02-06/08-06)
39.75,35.25,NAF,22,8,3.15,1.1581,3.02,0.001696,0.000118,8e-06,0.0813,0.0059,0.0004,1.0,ISC 1990-2023 (excl. 2023-02-06/08-06)
39.75,35.75,NAF,20,10,3.15,1.1581,3.1169,0.00212,0.000147,1e-05,0.1006,0.0073,0.0005,1.0,ISC 1990-2023 (excl. 2023-02-06/08-06)
39.75,36.25,CA,13,7,3.15,1.038,2.5837,0.002475,0.000227,2.1e-05,0.1164,0.0113,0.001,1.0,ISC 1990-2023 (excl. 2023-02-06/08-06)
39.75,36.75,CA,17,9,3.15,1.038,2.6928,0.003183,0.000292,2.7e-05,0.1471,0.0145,0.0013,1.0,ISC 1990-2023 (excl. 2023-02-06/08-06)
39.75,37.25,CA,38,22,3.15,1.038,3.081,0.00778,0.000713,6.5e-05,0.3223,0.035,0.0033,1.0,ISC 1990-2023 (excl. 2023-02-06/08-06)
39.75,37.75,CA,42,13,3.15,1.038,2.8525,0.004597,0.000421,3.9e-05,0.2054,0.0208,0.0019,1.0,ISC 1990-2023 (excl. 2023-02-06/08-06)
39.75,38.25,CA,87,47,3.15,1.038,3.4107,0.016621,0.001523,0.00014,0.5644,0.0733,0.007,1.0,ISC 1990-2023 (excl. 2023-02-06/08-06)
39.75,38.75,CA,229,108,3.15,1.0356,3.7644,0.038585,0.003555,0.000328,0.8547,0.1628,0.0162,1.0,ISC 1990-2023 (excl. 2023-02-06/08-06)
39.75,39.25,CA,138,67,3.15,1.038,3.5646,0.023693,0.002171,0.000199,0.6942,0.1029,0.0099,1.0,ISC 1990-2023 (excl. 2023-02-06/08-06)
39.75,39.75,CA,321,178,3.15,1.1508,4.3443,0.038931,0.002751,0.000194,0.8572,0.1285,0.0097,1.0,ISC 1990-2023 (excl. 2023-02-06/08-06)
39.75,40.25,CA,98,60,3.15,1.038,3.5167,0.021218,0.001944,0.000178,0.6539,0.0926,0.0089,1.0,ISC 1990-2023 (excl. 2023-02-06/08-06)
39.75,40.75,CA,450,274,3.15,1.3946,5.2996,0.021213,0.000855,3.4e-05,0.6538,0.0419,0.0017,1.0,ISC 1990-2023 (excl. 2023-02-06/08-06)
39.75,41.25,CA,117,65,3.15,1.038,3.5515,0.022986,0.002106,0.000193,0.6831,0.0999,0.0096,1.0,ISC 1990-2023 (excl. 2023-02-06/08-06)
39.75,41.75,CA,131,67,3.15,1.038,3.5646,0.023693,0.002171,0.000199,0.6942,0.1029,0.0099,1.0,ISC 1990-2023 (excl. 2023-02-06/08-06)
39.75,42.25,CA,35,20,3.15,1.038,3.0396,0.007073,0.000648,5.9e-05,0.2979,0.0319,0.003,1.0,ISC 1990-2023 (excl. 2023-02-06/08-06)
39.75,42.75,CA,87,50,3.15,1.038,3.4375,0.017682,0.00162,0.000148,0.5869,0.0778,0.0074,1.0,ISC 1990-2023 (excl. 2023-02-06/08-06)
39.75,43.25,CA,19,10,3.15,1.038,2.7386,0.003536,0.000324,3e-05,0.1621,0.0161,0.0015,1.0,ISC 1990-2023 (excl. 2023-02-06/08-06)
39.75,43.75,CA,35,20,3.15,1.038,3.0396,0.007073,0.000648,5.9e-05,0.2979,0.0319,0.003,1.0,ISC 1990-2023 (excl. 2023-02-06/08-06)
40.25,26.25,NAF,258,127,3.15,0.7836,3.041,0.132739,0.021847,0.003596,0.9987,0.6646,0.1646,1.0,ISC 1990-2023 (excl. 2023-02-06/08-06)
40.25,26.75,NAF,44,21,3.15,1.1581,3.4391,0.004452,0.000309,2.1e-05,0.1996,0.0153,0.0011,1.0,ISC 1990-2023 (excl. 2023-02-06/08-06)
40.25,27.25,NAF,178,69,3.15,1.1581,3.9557,0.014629,0.001017,7.1e-05,0.5188,0.0496,0.0035,1.0,ISC 1990-2023 (excl. 2023-02-06/08-06)
40.25,27.75,NAF,131,55,3.15,1.1581,3.8572,0.011661,0.00081,5.6e-05,0.4418,0.0397,0.0028,1.0,ISC 1990-2023 (excl. 2023-02-06/08-06)
40.25,28.25,NAF,82,38,3.15,1.1581,3.6967,0.008057,0.00056,3.9e-05,0.3316,0.0276,0.0019,1.0,ISC 1990-2023 (excl. 2023-02-06/08-06)
40.25,28.75,NAF,148,65,3.15,1.1581,3.9298,0.013781,0.000958,6.7e-05,0.4979,0.0468,0.0033,1.0,ISC 1990-2023 (excl. 2023-02-06/08-06)
40.25,29.25,NAF,147,62,3.15,1.1581,3.9093,0.013145,0.000913,6.3e-05,0.4817,0.0446,0.0032,1.0,ISC 1990-2023 (excl. 2023-02-06/08-06)
40.25,29.75,NAF,37,21,3.15,1.1581,3.4391,0.004452,0.000309,2.1e-05,0.1996,0.0153,0.0011,1.0,ISC 1990-2023 (excl. 2023-02-06/08-06)
40.25,30.25,NAF,35,11,3.15,1.1581,3.1583,0.002332,0.000162,1.1e-05,0.1101,0.0081,0.0006,1.0,ISC 1990-2023 (excl. 2023-02-06/08-06)
40.25,30.75,NAF,18,6,3.15,1.1581,2.895,0.001272,8.8e-05,6e-06,0.0616,0.0044,0.0003,1.0,ISC 1990-2023 (excl. 2023-02-06/08-06)
40.25,31.25,NAF,10,6,3.15,1.1581,2.895,0.001272,8.8e-05,6e-06,0.0616,0.0044,0.0003,1.0,ISC 1990-2023 (excl. 2023-02-06/08-06)
40.25,31.75,NAF,47,11,3.15,1.1581,3.1583,0.002332,0.000162,1.1e-05,0.1101,0.0081,0.0006,1.0,ISC 1990-2023 (excl. 2023-02-06/08-06)
40.25,32.25,NAF,40,27,3.15,1.1581,3.5482,0.005724,0.000398,2.8e-05,0.2489,0.0197,0.0014,1.0,ISC 1990-2023 (excl. 2023-02-06/08-06)
40.25,32.75,NAF,74,37,3.15,1.1581,3.6851,0.007845,0.000545,3.8e-05,0.3245,0.0269,0.0019,1.0,ISC 1990-2023 (excl. 2023-02-06/08-06)
40.25,33.25,NAF,88,54,3.15,1.1581,3.8493,0.011449,0.000796,5.5e-05,0.4359,0.039,0.0028,1.0,ISC 1990-2023 (excl. 2023-02-06/08-06)
40.25,33.75,NAF,44,30,3.15,1.1581,3.594,0.00636,0.000442,3.1e-05,0.2724,0.0219,0.0015,1.0,ISC 1990-2023 (excl. 2023-02-06/08-06)
40.25,34.25,NAF,67,34,3.15,1.1581,3.6483,0.007209,0.000501,3.5e-05,0.3026,0.0247,0.0017,1.0,ISC 1990-2023 (excl. 2023-02-06/08-06)
40.25,34.75,NAF,39,18,3.15,1.1581,3.3721,0.003816,0.000265,1.8e-05,0.1737,0.0132,0.0009,1.0,ISC 1990-2023 (excl. 2023-02-06/08-06)
40.25,35.25,NAF,26,11,3.15,1.1581,3.1583,0.002332,0.000162,1.1e-05,0.1101,0.0081,0.0006,1.0,ISC 1990-2023 (excl. 2023-02-06/08-06)
40.25,35.75,NAF,42,26,3.15,1.1581,3.5318,0.005512,0.000383,2.7e-05,0.2409,0.019,0.0013,1.0,ISC 1990-2023 (excl. 2023-02-06/08-06)
40.25,36.25,CA,29,10,3.15,1.038,2.7386,0.003536,0.000324,3e-05,0.1621,0.0161,0.0015,1.0,ISC 1990-2023 (excl. 2023-02-06/08-06)
40.25,36.75,CA,16,8,3.15,1.038,2.6416,0.002829,0.000259,2.4e-05,0.1319,0.0129,0.0012,1.0,ISC 1990-2023 (excl. 2023-02-06/08-06)
40.25,37.25,CA,46,31,3.15,1.038,3.2299,0.010963,0.001004,9.2e-05,0.422,0.049,0.0046,1.0,ISC 1990-2023 (excl. 2023-02-06/08-06)
40.25,37.75,CA,38,15,3.15,1.038,2.9146,0.005305,0.000486,4.5e-05,0.233,0.024,0.0022,1.0,ISC 1990-2023 (excl. 2023-02-06/08-06)
40.25,38.25,CA,19,11,3.15,1.038,2.7799,0.00389,0.000356,3.3e-05,0.1768,0.0177,0.0016,1.0,ISC 1990-2023 (excl. 2023-02-06/08-06)
40.25,38.75,CA,52,20,3.15,1.038,3.0396,0.007073,0.000648,5.9e-05,0.2979,0.0319,0.003,1.0,ISC 1990-2023 (excl. 2023-02-06/08-06)
40.25,39.25,CA,18,12,3.15,1.038,2.8177,0.004244,0.000389,3.6e-05,0.1912,0.0193,0.0018,1.0,ISC 1990-2023 (excl. 2023-02-06/08-06)
40.25,39.75,CA,35,17,3.15,1.038,2.969,0.006012,0.000551,5e-05,0.2596,0.0272,0.0025,1.0,ISC 1990-2023 (excl. 2023-02-06/08-06)
40.25,40.25,CA,20,14,3.15,1.038,2.8847,0.004951,0.000454,4.2e-05,0.2193,0.0224,0.0021,1.0,ISC 1990-2023 (excl. 2023-02-06/08-06)
40.25,40.75,CA,70,31,3.15,1.038,3.2299,0.010963,0.001004,9.2e-05,0.422,0.049,0.0046,1.0,ISC 1990-2023 (excl. 2023-02-06/08-06)
40.25,41.25,CA,42,18,3.15,1.038,2.9938,0.006365,0.000583,5.3e-05,0.2726,0.0287,0.0027,1.0,ISC 1990-2023 (excl. 2023-02-06/08-06)
40.25,41.75,CA,39,23,3.15,1.038,3.1003,0.008134,0.000745,6.8e-05,0.3341,0.0366,0.0034,1.0,ISC 1990-2023 (excl. 2023-02-06/08-06)
40.25,42.25,CA,128,70,3.15,0.6839,2.4682,0.111876,0.023165,0.004797,0.9963,0.686,0.2132,1.0,ISC 1990-2023 (excl. 2023-02-06/08-06)
40.25,42.75,CA,41,29,3.15,1.038,3.201,0.010255,0.00094,8.6e-05,0.4012,0.0459,0.0043,1.0,ISC 1990-2023 (excl. 2023-02-06/08-06)
40.25,43.25,CA,19,10,3.15,1.038,2.7386,0.003536,0.000324,3e-05,0.1621,0.0161,0.0015,1.0,ISC 1990-2023 (excl. 2023-02-06/08-06)
40.25,43.75,CA,5,5,3.15,1.038,2.4375,0.001768,0.000162,1.5e-05,0.0846,0.0081,0.0007,1.0,ISC 1990-2023 (excl. 2023-02-06/08-06)
40.75,26.25,NAF,62,41,3.15,1.1581,3.7297,0.008693,0.000604,4.2e-05,0.3525,0.0297,0.0021,1.0,ISC 1990-2023 (excl. 2023-02-06/08-06)
40.75,26.75,NAF,10,6,3.15,1.1581,2.895,0.001272,8.8e-05,6e-06,0.0616,0.0044,0.0003,1.0,ISC 1990-2023 (excl. 2023-02-06/08-06)
40.75,27.25,NAF,148,68,3.15,1.1581,3.9494,0.014417,0.001002,7e-05,0.5137,0.0489,0.0035,1.0,ISC 1990-2023 (excl. 2023-02-06/08-06)
40.75,27.75,NAF,296,111,3.15,0.943,3.4846,0.058834,0.006709,0.000765,0.9472,0.285,0.0375,1.0,ISC 1990-2023 (excl. 2023-02-06/08-06)
40.75,28.25,NAF,151,65,3.15,1.1581,3.9298,0.013781,0.000958,6.7e-05,0.4979,0.0468,0.0033,1.0,ISC 1990-2023 (excl. 2023-02-06/08-06)
40.75,28.75,NAF,86,37,3.15,1.1581,3.6851,0.007845,0.000545,3.8e-05,0.3245,0.0269,0.0019,1.0,ISC 1990-2023 (excl. 2023-02-06/08-06)
40.75,29.25,NAF,439,191,3.15,0.8724,3.4979,0.136756,0.018346,0.002461,0.9989,0.6004,0.1158,1.0,ISC 1990-2023 (excl. 2023-02-06/08-06)
40.75,29.75,NAF,232,105,3.15,0.7307,2.7917,0.137483,0.025559,0.004752,0.999,0.7214,0.2115,1.0,ISC 1990-2023 (excl. 2023-02-06/08-06)
40.75,30.25,NAF,271,129,3.15,0.7934,3.0787,0.129316,0.020809,0.003349,0.9984,0.6467,0.1542,1.0,ISC 1990-2023 (excl. 2023-02-06/08-06)
40.75,30.75,NAF,503,237,3.15,0.7136,3.0914,0.333766,0.064542,0.012481,1.0,0.9603,0.4642,1.0,ISC 1990-2023 (excl. 2023-02-06/08-06)
40.75,31.25,NAF,542,297,3.15,0.8045,3.4758,0.283978,0.044544,0.006987,1.0,0.8922,0.2949,1.0,ISC 1990-2023 (excl. 2023-02-06/08-06)
40.75,31.75,NAF,146,70,3.15,0.9927,3.441,0.030023,0.003053,0.00031,0.7771,0.1416,0.0154,1.0,ISC 1990-2023 (excl. 2023-02-06/08-06)
40.75,32.25,NAF,28,14,3.15,1.1581,3.263,0.002968,0.000206,1.4e-05,0.1379,0.0103,0.0007,1.0,ISC 1990-2023 (excl. 2023-02-06/08-06)
40.75,32.75,NAF,199,108,3.15,0.9282,3.4261,0.060969,0.007193,0.000849,0.9526,0.3021,0.0415,1.0,ISC 1990-2023 (excl. 2023-02-06/08-06)
40.75,33.25,NAF,214,131,3.15,1.0469,3.8839,0.044603,0.004004,0.000359,0.8925,0.1814,0.0178,1.0,ISC 1990-2023 (excl. 2023-02-06/08-06)
40.75,33.75,NAF,58,30,3.15,1.1581,3.594,0.00636,0.000442,3.1e-05,0.2724,0.0219,0.0015,1.0,ISC 1990-2023 (excl. 2023-02-06/08-06)
40.75,34.25,NAF,49,22,3.15,1.1581,3.4593,0.004664,0.000324,2.3e-05,0.208,0.0161,0.0011,1.0,ISC 1990-2023 (excl. 2023-02-06/08-06)
40.75,34.75,NAF,164,73,3.15,1.1581,3.9802,0.015477,0.001075,7.5e-05,0.5388,0.0524,0.0037,1.0,ISC 1990-2023 (excl. 2023-02-06/08-06)
40.75,35.25,NAF,284,167,3.15,0.9998,3.8409,0.069493,0.006952,0.000696,0.969,0.2936,0.0342,1.0,ISC 1990-2023 (excl. 2023-02-06/08-06)
40.75,35.75,NAF,82,47,3.15,1.1581,3.789,0.009965,0.000692,4.8e-05,0.3924,0.034,0.0024,1.0,ISC 1990-2023 (excl. 2023-02-06/08-06)
40.75,36.25,CA,36,17,3.15,1.038,2.969,0.006012,0.000551,5e-05,0.2596,0.0272,0.0025,1.0,ISC 1990-2023 (excl. 2023-02-06/08-06)
40.75,36.75,CA,81,45,3.15,1.038,3.3918,0.015914,0.001458,0.000134,0.5487,0.0703,0.0067,1.0,ISC 1990-2023 (excl. 2023-02-06/08-06)
40.75,37.25,CA,27,13,3.15,1.038,2.8525,0.004597,0.000421,3.9e-05,0.2054,0.0208,0.0019,1.0,ISC 1990-2023 (excl. 2023-02-06/08-06)
40.75,38.25,CA,25,8,3.15,1.038,2.6416,0.002829,0.000259,2.4e-05,0.1319,0.0129,0.0012,1.0,ISC 1990-2023 (excl. 2023-02-06/08-06)
40.75,38.75,CA,17,5,3.15,1.038,2.4375,0.001768,0.000162,1.5e-05,0.0846,0.0081,0.0007,1.0,ISC 1990-2023 (excl. 2023-02-06/08-06)
40.75,39.25,CA,27,10,3.15,1.038,2.7386,0.003536,0.000324,3e-05,0.1621,0.0161,0.0015,1.0,ISC 1990-2023 (excl. 2023-02-06/08-06)
40.75,41.75,CA,16,7,3.15,1.038,2.5837,0.002475,0.000227,2.1e-05,0.1164,0.0113,0.001,1.0,ISC 1990-2023 (excl. 2023-02-06/08-06)
40.75,42.25,CA,51,35,3.15,1.038,3.2826,0.012377,0.001134,0.000104,0.4614,0.0551,0.0052,1.0,ISC 1990-2023 (excl. 2023-02-06/08-06)
40.75,42.75,CA,35,21,3.15,1.038,3.0608,0.007426,0.00068,6.2e-05,0.3102,0.0334,0.0031,1.0,ISC 1990-2023 (excl. 2023-02-06/08-06)
40.75,43.25,CA,25,15,3.15,1.038,2.9146,0.005305,0.000486,4.5e-05,0.233,0.024,0.0022,1.0,ISC 1990-2023 (excl. 2023-02-06/08-06)
40.75,43.75,CA,16,12,3.15,1.038,2.8177,0.004244,0.000389,3.6e-05,0.1912,0.0193,0.0018,1.0,ISC 1990-2023 (excl. 2023-02-06/08-06)
41.25,29.75,NAF,9,5,3.15,1.1581,2.8158,0.00106,7.4e-05,5e-06,0.0516,0.0037,0.0003,1.0,ISC 1990-2023 (excl. 2023-02-06/08-06)
41.25,31.25,NAF,12,5,3.15,1.1581,2.8158,0.00106,7.4e-05,5e-06,0.0516,0.0037,0.0003,1.0,ISC 1990-2023 (excl. 2023-02-06/08-06)
41.25,31.75,NAF,10,7,3.15,1.1581,2.962,0.001484,0.000103,7e-06,0.0715,0.0051,0.0004,1.0,ISC 1990-2023 (excl. 2023-02-06/08-06)
41.25,32.25,NAF,24,14,3.15,1.1581,3.263,0.002968,0.000206,1.4e-05,0.1379,0.0103,0.0007,1.0,ISC 1990-2023 (excl. 2023-02-06/08-06)
41.25,32.75,NAF,26,15,3.15,1.1581,3.293,0.00318,0.000221,1.5e-05,0.147,0.011,0.0008,1.0,ISC 1990-2023 (excl. 2023-02-06/08-06)
41.25,33.25,NAF,26,13,3.15,1.1581,3.2308,0.002756,0.000192,1.3e-05,0.1287,0.0095,0.0007,1.0,ISC 1990-2023 (excl. 2023-02-06/08-06)
41.25,33.75,NAF,35,22,3.15,1.1581,3.4593,0.004664,0.000324,2.3e-05,0.208,0.0161,0.0011,1.0,ISC 1990-2023 (excl. 2023-02-06/08-06)
41.25,34.25,NAF,40,24,3.15,1.1581,3.4971,0.005088,0.000354,2.5e-05,0.2246,0.0175,0.0012,1.0,ISC 1990-2023 (excl. 2023-02-06/08-06)
41.25,35.25,NAF,13,6,3.15,1.1581,2.895,0.001272,8.8e-05,6e-06,0.0616,0.0044,0.0003,1.0,ISC 1990-2023 (excl. 2023-02-06/08-06)
41.25,35.75,NAF,38,11,3.15,1.1581,3.1583,0.002332,0.000162,1.1e-05,0.1101,0.0081,0.0006,1.0,ISC 1990-2023 (excl. 2023-02-06/08-06)
41.25,36.25,CA,15,7,3.15,1.038,2.5837,0.002475,0.000227,2.1e-05,0.1164,0.0113,0.001,1.0,ISC 1990-2023 (excl. 2023-02-06/08-06)
41.25,39.25,CA,28,11,3.15,1.038,2.7799,0.00389,0.000356,3.3e-05,0.1768,0.0177,0.0016,1.0,ISC 1990-2023 (excl. 2023-02-06/08-06)
41.25,40.75,CA,21,7,3.15,1.038,2.5837,0.002475,0.000227,2.1e-05,0.1164,0.0113,0.001,1.0,ISC 1990-2023 (excl. 2023-02-06/08-06)
41.25,41.25,CA,14,9,3.15,1.038,2.6928,0.003183,0.000292,2.7e-05,0.1471,0.0145,0.0013,1.0,ISC 1990-2023 (excl. 2023-02-06/08-06)
41.25,42.25,CA,11,7,3.15,1.038,2.5837,0.002475,0.000227,2.1e-05,0.1164,0.0113,0.001,1.0,ISC 1990-2023 (excl. 2023-02-06/08-06)
41.25,42.75,CA,12,9,3.15,1.038,2.6928,0.003183,0.000292,2.7e-05,0.1471,0.0145,0.0013,1.0,ISC 1990-2023 (excl. 2023-02-06/08-06)
41.25,43.25,CA,29,26,3.15,1.038,3.1535,0.009194,0.000842,7.7e-05,0.3685,0.0412,0.0039,1.0,ISC 1990-2023 (excl. 2023-02-06/08-06)
41.25,43.75,CA,415,347,3.15,0.9098,3.8751,0.211862,0.026077,0.00321,1.0,0.7285,0.1483,1.0,ISC 1990-2023 (excl. 2023-02-06/08-06)
41.75,26.75,NAF,12,5,3.15,1.1581,2.8158,0.00106,7.4e-05,5e-06,0.0516,0.0037,0.0003,1.0,ISC 1990-2023 (excl. 2023-02-06/08-06)
41.75,32.25,NAF,22,14,3.15,1.1581,3.263,0.002968,0.000206,1.4e-05,0.1379,0.0103,0.0007,1.0,ISC 1990-2023 (excl. 2023-02-06/08-06)
41.75,32.75,NAF,27,8,3.15,1.1581,3.02,0.001696,0.000118,8e-06,0.0813,0.0059,0.0004,1.0,ISC 1990-2023 (excl. 2023-02-06/08-06)
41.75,41.75,CA,6,5,3.15,1.038,2.4375,0.001768,0.000162,1.5e-05,0.0846,0.0081,0.0007,1.0,ISC 1990-2023 (excl. 2023-02-06/08-06)
41.75,42.25,CA,16,9,3.15,1.038,2.6928,0.003183,0.000292,2.7e-05,0.1471,0.0145,0.0013,1.0,ISC 1990-2023 (excl. 2023-02-06/08-06)
41.75,42.75,CA,26,19,3.15,1.038,3.0173,0.006719,0.000616,5.6e-05,0.2853,0.0303,0.0028,1.0,ISC 1990-2023 (excl. 2023-02-06/08-06)
41.75,43.25,CA,53,41,3.15,1.038,3.3513,0.014499,0.001328,0.000122,0.5157,0.0643,0.0061,1.0,ISC 1990-2023 (excl. 2023-02-06/08-06)
41.75,43.75,CA,145,124,3.15,1.0061,3.7315,0.050233,0.004953,0.000488,0.9189,0.2194,0.0241,1.0,ISC 1990-2023 (excl. 2023-02-06/08-06)
