lat,lon,Ss_g,S1_g,soil_class,Vs30_mps,source
36.0,26.0,1.157,0.37,ZD,270,TBDY-2018 IDW
36.0,26.25,1.16,0.371,ZD,270,TBDY-2018 IDW
36.0,26.5,1.161,0.371,ZD,270,TBDY-2018 IDW
36.0,26.75,1.162,0.372,ZD,270,TBDY-2018 IDW
36.0,27.0,1.162,0.372,ZD,270,TBDY-2018 IDW
36.0,27.25,1.161,0.371,ZD,270,TBDY-2018 IDW
36.0,27.5,1.159,0.37,ZD,270,TBDY-2018 IDW
36.0,27.75,1.155,0.369,ZD,270,TBDY-2018 IDW
36.0,28.0,1.151,0.367,ZD,270,TBDY-2018 IDW
36.0,28.25,1.145,0.365,ZD,270,TBDY-2018 IDW
36.0,28.5,1.139,0.362,ZD,270,TBDY-2018 IDW
36.0,28.75,1.131,0.359,ZD,270,TBDY-2018 IDW
36.0,29.0,1.123,0.356,ZD,270,TBDY-2018 IDW
36.0,29.25,1.114,0.353,ZD,270,TBDY-2018 IDW
36.0,29.5,1.104,0.349,ZD,270,TBDY-2018 IDW
36.0,29.75,1.093,0.344,ZD,270,TBDY-2018 IDW
36.0,30.0,1.082,0.34,ZD,270,TBDY-2018 IDW
36.0,30.25,1.069,0.335,ZD,270,TBDY-2018 IDW
36.0,30.5,1.056,0.33,ZD,270,TBDY-2018 IDW
36.0,30.75,1.043,0.325,ZD,270,TBDY-2018 IDW
36.0,31.0,1.029,0.319,ZD,270,TBDY-2018 IDW
36.0,31.25,1.016,0.314,ZD,270,TBDY-2018 IDW
36.0,31.5,1.004,0.309,ZD,270,TBDY-2018 IDW
36.0,31.75,0.993,0.305,ZD,270,TBDY-2018 IDW
36.0,32.0,0.986,0.302,ZD,270,TBDY-2018 IDW
36.0,32.25,0.983,0.3,ZD,270,TBDY-2018 IDW
36.0,32.5,0.983,0.3,ZD,270,TBDY-2018 IDW
36.0,32.75,0.989,0.302,ZD,270,TBDY-2018 IDW
36.0,33.0,0.999,0.305,ZD,270,TBDY-2018 IDW
36.0,33.25,1.013,0.31,ZD,270,TBDY-2018 IDW
36.0,33.5,1.03,0.315,ZD,270,TBDY-2018 IDW
36.0,33.75,1.049,0.321,ZD,270,TBDY-2018 IDW
36.0,34.0,1.07,0.328,ZD,270,TBDY-2018 IDW
36.0,34.25,1.091,0.334,ZD,270,TBDY-2018 IDW
36.0,34.5,1.111,0.341,ZD,270,TBDY-2018 IDW
36.0,34.75,1.132,0.347,ZD,270,TBDY-2018 IDW
36.0,35.0,1.157,0.355,ZD,270,TBDY-2018 IDW
36.0,35.25,1.192,0.367,ZD,270,TBDY-2018 IDW
36.0,35.5,1.243,0.385,ZD,270,TBDY-2018 IDW
36.0,35.75,1.311,0.409,ZD,270,TBDY-2018 IDW
36.0,36.0,1.388,0.436,ZD,270,TBDY-2018 IDW
36.0,36.25,1.463,0.463,ZD,270,TBDY-2018 IDW
36.0,36.5,1.523,0.484,ZC,550,TBDY-2018 IDW
36.0,36.75,1.562,0.498,ZC,550,TBDY-2018 IDW
36.0,37.0,1.576,0.503,ZC,550,TBDY-2018 IDW
36.0,37.25,1.564,0.5,ZC,550,TBDY-2018 IDW
36.0,37.5,1.535,0.489,ZC,550,TBDY-2018 IDW
36.0,37.75,1.508,0.48,ZC,550,TBDY-2018 IDW
36.0,38.0,1.5,0.477,ZC,550,TBDY-2018 IDW
36.0,38.25,1.51,0.481,ZC,550,TBDY-2018 IDW
36.0,38.5,1.525,0.486,ZC,550,TBDY-2018 IDW
36.0,38.75,1.533,0.488,ZC,550,TBDY-2018 IDW
36.0,39.0,1.53,0.488,ZC,550,TBDY-2018 IDW
36.0,39.25,1.517,0.483,ZC,550,TBDY-2018 IDW
36.0,39.5,1.497,0.477,ZD,270,TBDY-2018 IDW
36.0,39.75,1.473,0.469,ZD,270,TBDY-2018 IDW
36.0,40.0,1.448,0.46,ZD,270,TBDY-2018 IDW
36.0,40.25,1.422,0.451,ZD,270,TBDY-2018 IDW
36.0,40.5,1.396,0.442,ZD,270,TBDY-2018 IDW
36.0,40.75,1.368,0.433,ZD,270,TBDY-2018 IDW
36.0,41.0,1.339,0.423,ZD,270,TBDY-2018 IDW
36.0,41.25,1.306,0.411,ZD,270,TBDY-2018 IDW
36.0,41.5,1.271,0.399,ZD,270,TBDY-2018 IDW
36.0,41.75,1.239,0.388,ZD,270,TBDY-2018 IDW
36.0,42.0,1.214,0.38,ZD,270,TBDY-2018 IDW
36.0,42.25,1.201,0.375,ZD,270,TBDY-2018 IDW
36.0,42.5,1.199,0.374,ZD,270,TBDY-2018 IDW
36.0,42.75,1.205,0.376,ZD,270,TBDY-2018 IDW
36.0,43.0,1.216,0.38,ZD,270,TBDY-2018 IDW
36.0,43.25,1.228,0.384,ZD,270,TBDY-2018 IDW
36.0,43.5,1.239,0.388,ZD,270,TBDY-2018 IDW
36.0,43.75,1.249,0.392,ZD,270,TBDY-2018 IDW
36.0,44.0,1.257,0.395,ZD,270,TBDY-2018 IDW
36.25,26.0,1.162,0.371,ZD,270,TBDY-2018 IDW
36.25,26.25,1.165,0.373,ZD,270,TBDY-2018 IDW
36.25,26.5,1.167,0.374,ZD,270,TBDY-2018 IDW
36.25,26.75,1.169,0.374,ZD,270,TBDY-2018 IDW
36.25,27.0,1.169,0.374,ZD,270,TBDY-2018 IDW
36.25,27.25,1.168,0.374,ZD,270,TBDY-2018 IDW
36.25,27.5,1.165,0.373,ZD,270,TBDY-2018 IDW
36.25,27.75,1.161,0.371,ZD,270,TBDY-2018 IDW
36.25,28.0,1.156,0.369,ZD,270,TBDY-2018 IDW
36.25,28.25,1.15,0.367,ZD,270,TBDY-2018 IDW
36.25,28.5,1.143,0.364,ZD,270,TBDY-2018 IDW
36.25,28.75,1.135,0.361,ZD,270,TBDY-2018 IDW
36.25,29.0,1.126,0.357,ZD,270,TBDY-2018 IDW
36.25,29.25,1.116,0.353,ZD,270,TBDY-2018 IDW
36.25,29.5,1.104,0.349,ZD,270,TBDY-2018 IDW
36.25,29.75,1.092,0.344,ZD,270,TBDY-2018 IDW
36.25,30.0,1.079,0.339,ZD,270,TBDY-2018 IDW
36.25,30.25,1.065,0.333,ZD,270,TBDY-2018 IDW
36.25,30.5,1.049,0.327,ZD,270,TBDY-2018 IDW
36.25,30.75,1.033,0.321,ZD,270,TBDY-2018 IDW
36.25,31.0,1.016,0.315,ZD,270,TBDY-2018 IDW
36.25,31.25,0.999,0.308,ZD,270,TBDY-2018 IDW
36.25,31.5,0.984,0.302,ZD,270,TBDY-2018 IDW
36.25,31.75,0.97,0.297,ZD,270,TBDY-2018 IDW
36.25,32.0,0.959,0.292,ZD,270,TBDY-2018 IDW
36.25,32.25,0.953,0.29,ZD,270,TBDY-2018 IDW
36.25,32.5,0.952,0.289,ZD,270,TBDY-2018 IDW
36.25,32.75,0.957,0.291,ZD,270,TBDY-2018 IDW
36.25,33.0,0.968,0.294,ZD,270,TBDY-2018 IDW
36.25,33.25,0.984,0.299,ZD,270,TBDY-2018 IDW
36.25,33.5,1.003,0.305,ZD,270,TBDY-2018 IDW
36.25,33.75,1.023,0.312,ZD,270,TBDY-2018 IDW
36.25,34.0,1.045,0.319,ZD,270,TBDY-2018 IDW
36.25,34.25,1.065,0.325,ZD,270,TBDY-2018 IDW
36.25,34.5,1.082,0.33,ZD,270,TBDY-2018 IDW
36.25,34.75,1.095,0.333,ZD,270,TBDY-2018 IDW
36.25,35.0,1.109,0.337,ZD,270,TBDY-2018 IDW
36.25,35.25,1.136,0.346,ZD,270,TBDY-2018 IDW
36.25,35.5,1.191,0.365,ZD,270,TBDY-2018 IDW
36.25,35.75,1.279,0.396,ZD,270,TBDY-2018 IDW
36.25,36.0,1.385,0.434,ZD,270,TBDY-2018 IDW
36.25,36.25,1.486,0.471,ZD,270,TBDY-2018 IDW
36.25,36.5,1.565,0.499,ZC,550,TBDY-2018 IDW
36.25,36.75,1.612,0.516,ZC,550,TBDY-2018 IDW
36.25,37.0,1.624,0.521,ZC,550,TBDY-2018 IDW
36.25,37.25,1.595,0.511,ZC,550,TBDY-2018 IDW
36.25,37.5,1.526,0.487,ZC,550,TBDY-2018 IDW
36.25,37.75,1.463,0.464,ZD,270,TBDY-2018 IDW
36.25,38.0,1.456,0.462,ZD,270,TBDY-2018 IDW
36.25,38.25,1.492,0.474,ZD,270,TBDY-2018 IDW
36.25,38.5,1.531,0.488,ZC,550,TBDY-2018 IDW
36.25,38.75,1.552,0.495,ZC,550,TBDY-2018 IDW
36.25,39.0,1.553,0.495,ZC,550,TBDY-2018 IDW
36.25,39.25,1.537,0.49,ZC,550,TBDY-2018 IDW
36.25,39.5,1.51,0.481,ZC,550,TBDY-2018 IDW
36.25,39.75,1.48,0.471,ZD,270,TBDY-2018 IDW
36.25,40.0,1.449,0.461,ZD,270,TBDY-2018 IDW
36.25,40.25,1.42,0.451,ZD,270,TBDY-2018 IDW
36.25,40.5,1.392,0.441,ZD,270,TBDY-2018 IDW
36.25,40.75,1.363,0.431,ZD,270,TBDY-2018 IDW
36.25,41.0,1.329,0.419,ZD,270,TBDY-2018 IDW
36.25,41.25,1.288,0.405,ZD,270,TBDY-2018 IDW
36.25,41.5,1.241,0.389,ZD,270,TBDY-2018 IDW
36.25,41.75,1.197,0.373,ZD,270,TBDY-2018 IDW
36.25,42.0,1.164,0.362,ZD,270,TBDY-2018 IDW
36.25,42.25,1.15,0.357,ZD,270,TBDY-2018 IDW
36.25,42.5,1.155,0.359,ZD,270,TBDY-2018 IDW
36.25,42.75,1.171,0.364,ZD,270,TBDY-2018 IDW
36.25,43.0,1.191,0.371,ZD,270,TBDY-2018 IDW
36.25,43.25,1.21,0.378,ZD,270,TBDY-2018 IDW
36.25,43.5,1.227,0.384,ZD,270,TBDY-2018 IDW
36.25,43.75,1.241,0.389,ZD,270,TBDY-2018 IDW
36.25,44.0,1.252,0.393,ZD,270,TBDY-2018 IDW
36.5,26.0,1.166,0.373,ZD,270,TBDY-2018 IDW
36.5,26.25,1.17,0.375,ZD,270,TBDY-2018 IDW
36.5,26.5,1.174,0.376,ZD,270,TBDY-2018 IDW
36.5,26.75,1.176,0.377,ZD,270,TBDY-2018 IDW
36.5,27.0,1.176,0.377,ZD,270,TBDY-2018 IDW
36.5,27.25,1.175,0.377,ZD,270,TBDY-2018 IDW
36.5,27.5,1.172,0.376,ZD,270,TBDY-2018 IDW
36.5,27.75,1.168,0.374,ZD,270,TBDY-2018 IDW
36.5,28.0,1.162,0.372,ZD,270,TBDY-2018 IDW
36.5,28.25,1.156,0.369,ZD,270,TBDY-2018 IDW
36.5,28.5,1.148,0.366,ZD,270,TBDY-2018 IDW
36.5,28.75,1.139,0.362,ZD,270,TBDY-2018 IDW
36.5,29.0,1.129,0.359,ZD,270,TBDY-2018 IDW
36.5,29.25,1.118,0.354,ZD,270,TBDY-2018 IDW
36.5,29.5,1.105,0.349,ZD,270,TBDY-2018 IDW
36.5,29.75,1.092,0.344,ZD,270,TBDY-2018 IDW
36.5,30.0,1.077,0.338,ZD,270,TBDY-2018 IDW
36.5,30.25,1.06,0.332,ZD,270,TBDY-2018 IDW
36.5,30.5,1.042,0.325,ZD,270,TBDY-2018 IDW
36.5,30.75,1.023,0.318,ZD,270,TBDY-2018 IDW
36.5,31.0,1.003,0.31,ZD,270,TBDY-2018 IDW
36.5,31.25,0.982,0.302,ZD,270,TBDY-2018 IDW
36.5,31.5,0.961,0.294,ZD,270,TBDY-2018 IDW
36.5,31.75,0.942,0.287,ZD,270,TBDY-2018 IDW
36.5,32.0,0.927,0.281,ZD,270,TBDY-2018 IDW
36.5,32.25,0.917,0.277,ZD,270,TBDY-2018 IDW
36.5,32.5,0.915,0.276,ZD,270,TBDY-2018 IDW
36.5,32.75,0.921,0.278,ZD,270,TBDY-2018 IDW
36.5,33.0,0.933,0.282,ZD,270,TBDY-2018 IDW
36.5,33.25,0.951,0.288,ZD,270,TBDY-2018 IDW
36.5,33.5,0.972,0.295,ZD,270,TBDY-2018 IDW
36.5,33.75,0.995,0.302,ZD,270,TBDY-2018 IDW
36.5,34.0,1.017,0.309,ZD,270,TBDY-2018 IDW
36.5,34.25,1.037,0.315,ZD,270,TBDY-2018 IDW
36.5,34.5,1.049,0.318,ZD,270,TBDY-2018 IDW
36.5,34.75,1.05,0.316,ZD,270,TBDY-2018 IDW
36.5,35.0,1.041,0.312,ZD,270,TBDY-2018 IDW
36.5,35.25,1.045,0.312,ZD,270,TBDY-2018 IDW
36.5,35.5,1.1,0.331,ZD,270,TBDY-2018 IDW
36.5,35.75,1.22,0.375,ZD,270,TBDY-2018 IDW
36.5,36.0,1.372,0.429,ZD,270,TBDY-2018 IDW
36.5,36.25,1.513,0.479,ZC,550,TBDY-2018 IDW
36.5,36.5,1.615,0.516,ZC,550,TBDY-2018 IDW
36.5,36.75,1.667,0.536,ZC,550,TBDY-2018 IDW
36.5,37.0,1.678,0.541,ZC,550,TBDY-2018 IDW
36.5,37.25,1.641,0.528,ZC,550,TBDY-2018 IDW
36.5,37.5,1.483,0.472,ZD,270,TBDY-2018 IDW
36.5,37.75,1.325,0.417,ZD,270,TBDY-2018 IDW
36.5,38.0,1.346,0.424,ZD,270,TBDY-2018 IDW
36.5,38.25,1.458,0.462,ZD,270,TBDY-2018 IDW
36.5,38.5,1.545,0.492,ZC,550,TBDY-2018 IDW
36.5,38.75,1.583,0.506,ZC,550,TBDY-2018 IDW
36.5,39.0,1.583,0.506,ZC,550,TBDY-2018 IDW
36.5,39.25,1.56,0.498,ZC,550,TBDY-2018 IDW
36.5,39.5,1.523,0.486,ZC,550,TBDY-2018 IDW
36.5,39.75,1.483,0.472,ZD,270,TBDY-2018 IDW
36.5,40.0,1.445,0.459,ZD,270,TBDY-2018 IDW
36.5,40.25,1.413,0.449,ZD,270,TBDY-2018 IDW
36.5,40.5,1.386,0.439,ZD,270,TBDY-2018 IDW
36.5,40.75,1.357,0.429,ZD,270,TBDY-2018 IDW
36.5,41.0,1.32,0.417,ZD,270,TBDY-2018 IDW
36.5,41.25,1.27,0.399,ZD,270,TBDY-2018 IDW
36.5,41.5,1.206,0.377,ZD,270,TBDY-2018 IDW
36.5,41.75,1.14,0.354,ZD,270,TBDY-2018 IDW
36.5,42.0,1.095,0.338,ZD,270,TBDY-2018 IDW
36.5,42.25,1.083,0.334,ZD,270,TBDY-2018 IDW
36.5,42.5,1.1,0.34,ZD,270,TBDY-2018 IDW
36.5,42.75,1.131,0.351,ZD,270,TBDY-2018 IDW
36.5,43.0,1.164,0.362,ZD,270,TBDY-2018 IDW
36.5,43.25,1.193,0.372,ZD,270,TBDY-2018 IDW
36.5,43.5,1.216,0.38,ZD,270,TBDY-2018 IDW
36.5,43.75,1.234,0.386,ZD,270,TBDY-2018 IDW
36.5,44.0,1.247,0.391,ZD,270,TBDY-2018 IDW
36.75,26.0,1.171,0.375,ZD,270,TBDY-2018 IDW
36.75,26.25,1.176,0.377,ZD,270,TBDY-2018 IDW
36.75,26.5,1.18,0.379,ZD,270,TBDY-2018 IDW
36.75,26.75,1.183,0.38,ZD,270,TBDY-2018 IDW
36.75,27.0,1.184,0.381,ZD,270,TBDY-2018 IDW
36.75,27.25,1.183,0.38,ZD,270,TBDY-2018 IDW
36.75,27.5,1.18,0.379,ZD,270,TBDY-2018 IDW
36.75,27.75,1.175,0.377,ZD,270,TBDY-2018 IDW
36.75,28.0,1.168,0.374,ZD,270,TBDY-2018 IDW
36.75,28.25,1.161,0.371,ZD,270,TBDY-2018 IDW
36.75,28.5,1.152,0.368,ZD,270,TBDY-2018 IDW
36.75,28.75,1.143,0.364,ZD,270,TBDY-2018 IDW
36.75,29.0,1.132,0.36,ZD,270,TBDY-2018 IDW
36.75,29.25,1.12,0.355,ZD,270,TBDY-2018 IDW
36.75,29.5,1.106,0.35,ZD,270,TBDY-2018 IDW
36.75,29.75,1.091,0.344,ZD,270,TBDY-2018 IDW
36.75,30.0,1.075,0.338,ZD,270,TBDY-2018 IDW
36.75,30.25,1.056,0.331,ZD,270,TBDY-2018 IDW
36.75,30.5,1.036,0.323,ZD,270,TBDY-2018 IDW
36.75,30.75,1.014,0.314,ZD,270,TBDY-2018 IDW
36.75,31.0,0.989,0.305,ZD,270,TBDY-2018 IDW
36.75,31.25,0.963,0.295,ZD,270,TBDY-2018 IDW
36.75,31.5,0.937,0.285,ZD,270,TBDY-2018 IDW
36.75,31.75,0.911,0.276,ZD,270,TBDY-2018 IDW
36.75,32.0,0.89,0.268,ZD,270,TBDY-2018 IDW
36.75,32.25,0.876,0.262,ZD,270,TBDY-2018 IDW
36.75,32.5,0.871,0.26,ZD,270,TBDY-2018 IDW
36.75,32.75,0.878,0.262,ZD,270,TBDY-2018 IDW
36.75,33.0,0.893,0.268,ZD,270,TBDY-2018 IDW
36.75,33.25,0.914,0.275,ZD,270,TBDY-2018 IDW
36.75,33.5,0.939,0.283,ZD,270,TBDY-2018 IDW
36.75,33.75,0.964,0.291,ZD,270,TBDY-2018 IDW
36.75,34.0,0.988,0.299,ZD,270,TBDY-2018 IDW
36.75,34.25,1.008,0.305,ZD,270,TBDY-2018 IDW
36.75,34.5,1.017,0.306,ZD,270,TBDY-2018 IDW
36.75,34.75,1.004,0.299,ZD,270,TBDY-2018 IDW
36.75,35.0,0.962,0.282,ZD,270,TBDY-2018 IDW
36.75,35.25,0.918,0.264,ZD,270,TBDY-2018 IDW
36.75,35.5,0.965,0.281,ZD,270,TBDY-2018 IDW
36.75,35.75,1.138,0.344,ZD,270,TBDY-2018 IDW
36.75,36.0,1.357,0.423,ZD,270,TBDY-2018 IDW
36.75,36.25,1.549,0.491,ZC,550,TBDY-2018 IDW
36.75,36.5,1.679,0.538,ZC,550,TBDY-2018 IDW
36.75,36.75,1.722,0.555,ZC,550,TBDY-2018 IDW
36.75,37.0,1.702,0.55,ZC,550,TBDY-2018 IDW
36.75,37.25,1.68,0.542,ZC,550,TBDY-2018 IDW
36.75,37.5,1.383,0.437,ZD,270,TBDY-2018 IDW
36.75,37.75,1.021,0.312,ZD,270,TBDY-2018 IDW
36.75,38.0,1.175,0.365,ZD,270,TBDY-2018 IDW
36.75,38.25,1.444,0.457,ZD,270,TBDY-2018 IDW
36.75,38.5,1.59,0.508,ZC,550,TBDY-2018 IDW
36.75,38.75,1.637,0.524,ZC,550,TBDY-2018 IDW
36.75,39.0,1.627,0.521,ZC,550,TBDY-2018 IDW
36.75,39.25,1.587,0.507,ZC,550,TBDY-2018 IDW
36.75,39.5,1.533,0.489,ZC,550,TBDY-2018 IDW
36.75,39.75,1.478,0.47,ZD,270,TBDY-2018 IDW
36.75,40.0,1.431,0.454,ZD,270,TBDY-2018 IDW
36.75,40.25,1.397,0.443,ZD,270,TBDY-2018 IDW
36.75,40.5,1.375,0.436,ZD,270,TBDY-2018 IDW
36.75,40.75,1.353,0.428,ZD,270,TBDY-2018 IDW
36.75,41.0,1.318,0.416,ZD,270,TBDY-2018 IDW
36.75,41.25,1.257,0.395,ZD,270,TBDY-2018 IDW
36.75,41.5,1.17,0.364,ZD,270,TBDY-2018 IDW
36.75,41.75,1.073,0.331,ZD,270,TBDY-2018 IDW
36.75,42.0,1.008,0.308,ZD,270,TBDY-2018 IDW
36.75,42.25,1.002,0.306,ZD,270,TBDY-2018 IDW
36.75,42.5,1.041,0.319,ZD,270,TBDY-2018 IDW
36.75,42.75,1.093,0.337,ZD,270,TBDY-2018 IDW
36.75,43.0,1.141,0.354,ZD,270,TBDY-2018 IDW
36.75,43.25,1.179,0.367,ZD,270,TBDY-2018 IDW
36.75,43.5,1.208,0.377,ZD,270,TBDY-2018 IDW
36.75,43.75,1.229,0.385,ZD,270,TBDY-2018 IDW
36.75,44.0,1.245,0.39,ZD,270,TBDY-2018 IDW
37.0,26.0,1.176,0.377,ZD,270,TBDY-2018 IDW
37.0,26.25,1.182,0.38,ZD,270,TBDY-2018 IDW
37.0,26.5,1.188,0.382,ZD,270,TBDY-2018 IDW
37.0,26.75,1.191,0.383,ZD,270,TBDY-2018 IDW
37.0,27.0,1.193,0.384,ZD,270,TBDY-2018 IDW
37.0,27.25,1.191,0.384,ZD,270,TBDY-2018 IDW
37.0,27.5,1.187,0.382,ZD,270,TBDY-2018 IDW
37.0,27.75,1.181,0.379,ZD,270,TBDY-2018 IDW
37.0,28.0,1.174,0.376,ZD,270,TBDY-2018 IDW
37.0,28.25,1.166,0.373,ZD,270,TBDY-2018 IDW
37.0,28.5,1.157,0.37,ZD,270,TBDY-2018 IDW
37.0,28.75,1.147,0.366,ZD,270,TBDY-2018 IDW
37.0,29.0,1.135,0.361,ZD,270,TBDY-2018 IDW
37.0,29.25,1.122,0.356,ZD,270,TBDY-2018 IDW
37.0,29.5,1.108,0.351,ZD,270,TBDY-2018 IDW
37.0,29.75,1.092,0.344,ZD,270,TBDY-2018 IDW
37.0,30.0,1.074,0.338,ZD,270,TBDY-2018 IDW
37.0,30.25,1.053,0.33,ZD,270,TBDY-2018 IDW
37.0,30.5,1.031,0.321,ZD,270,TBDY-2018 IDW
37.0,30.75,1.005,0.311,ZD,270,TBDY-2018 IDW
37.0,31.0,0.976,0.301,ZD,270,TBDY-2018 IDW
37.0,31.25,0.945,0.289,ZD,270,TBDY-2018 IDW
37.0,31.5,0.911,0.276,ZD,270,TBDY-2018 IDW
37.0,31.75,0.877,0.264,ZD,270,TBDY-2018 IDW
37.0,32.0,0.848,0.252,ZD,270,TBDY-2018 IDW
37.0,32.25,0.827,0.245,ZD,270,TBDY-2018 IDW
37.0,32.5,0.82,0.242,ZD,270,TBDY-2018 IDW
37.0,32.75,0.828,0.245,ZD,270,TBDY-2018 IDW
37.0,33.0,0.848,0.252,ZD,270,TBDY-2018 IDW
37.0,33.25,0.875,0.261,ZD,270,TBDY-2018 IDW
37.0,33.5,0.902,0.27,ZD,270,TBDY-2018 IDW
37.0,33.75,0.929,0.279,ZD,270,TBDY-2018 IDW
37.0,34.0,0.955,0.287,ZD,270,TBDY-2018 IDW
37.0,34.25,0.978,0.294,ZD,270,TBDY-2018 IDW
37.0,34.5,0.99,0.297,ZD,270,TBDY-2018 IDW
37.0,34.75,0.974,0.288,ZD,270,TBDY-2018 IDW
37.0,35.0,0.908,0.261,ZD,270,TBDY-2018 IDW
37.0,35.25,0.817,0.226,ZD,270,TBDY-2018 IDW
37.0,35.5,0.852,0.239,ZD,270,TBDY-2018 IDW
37.0,35.75,1.079,0.322,ZD,270,TBDY-2018 IDW
37.0,36.0,1.36,0.423,ZD,270,TBDY-2018 IDW
37.0,36.25,1.607,0.511,ZC,550,TBDY-2018 IDW
37.0,36.5,1.788,0.575,ZC,550,TBDY-2018 IDW
37.0,36.75,1.859,0.6,ZC,550,TBDY-2018 IDW
37.0,37.0,1.807,0.584,ZC,550,TBDY-2018 IDW
37.0,37.25,1.731,0.558,ZC,550,TBDY-2018 IDW
37.0,37.5,1.428,0.452,ZD,270,TBDY-2018 IDW
37.0,37.75,1.004,0.306,ZD,270,TBDY-2018 IDW
37.0,38.0,1.23,0.383,ZD,270,TBDY-2018 IDW
37.0,38.25,1.563,0.498,ZC,550,TBDY-2018 IDW
37.0,38.5,1.707,0.548,ZC,550,TBDY-2018 IDW
37.0,38.75,1.727,0.555,ZC,550,TBDY-2018 IDW
37.0,39.0,1.686,0.541,ZC,550,TBDY-2018 IDW
37.0,39.25,1.617,0.518,ZC,550,TBDY-2018 IDW
37.0,39.5,1.537,0.491,ZC,550,TBDY-2018 IDW
37.0,39.75,1.459,0.464,ZD,270,TBDY-2018 IDW
37.0,40.0,1.398,0.443,ZD,270,TBDY-2018 IDW
37.0,40.25,1.364,0.432,ZD,270,TBDY-2018 IDW
37.0,40.5,1.357,0.43,ZD,270,TBDY-2018 IDW
37.0,40.75,1.353,0.429,ZD,270,TBDY-2018 IDW
37.0,41.0,1.327,0.42,ZD,270,TBDY-2018 IDW
37.0,41.25,1.262,0.397,ZD,270,TBDY-2018 IDW
37.0,41.5,1.15,0.358,ZD,270,TBDY-2018 IDW
37.0,41.75,1.016,0.311,ZD,270,TBDY-2018 IDW
37.0,42.0,0.928,0.28,ZD,270,TBDY-2018 IDW
37.0,42.25,0.933,0.281,ZD,270,TBDY-2018 IDW
37.0,42.5,0.996,0.303,ZD,270,TBDY-2018 IDW
37.0,42.75,1.068,0.329,ZD,270,TBDY-2018 IDW
37.0,43.0,1.128,0.35,ZD,270,TBDY-2018 IDW
37.0,43.25,1.173,0.365,ZD,270,TBDY-2018 IDW
37.0,43.5,1.206,0.377,ZD,270,TBDY-2018 IDW
37.0,43.75,1.229,0.385,ZD,270,TBDY-2018 IDW
37.0,44.0,1.245,0.39,ZD,270,TBDY-2018 IDW
37.25,26.0,1.181,0.379,ZD,270,TBDY-2018 IDW
37.25,26.25,1.188,0.382,ZD,270,TBDY-2018 IDW
37.25,26.5,1.195,0.385,ZD,270,TBDY-2018 IDW
37.25,26.75,1.199,0.387,ZD,270,TBDY-2018 IDW
37.25,27.0,1.2,0.388,ZD,270,TBDY-2018 IDW
37.25,27.25,1.199,0.387,ZD,270,TBDY-2018 IDW
37.25,27.5,1.194,0.385,ZD,270,TBDY-2018 IDW
37.25,27.75,1.185,0.381,ZD,270,TBDY-2018 IDW
37.25,28.0,1.177,0.378,ZD,270,TBDY-2018 IDW
37.25,28.25,1.169,0.375,ZD,270,TBDY-2018 IDW
37.25,28.5,1.161,0.371,ZD,270,TBDY-2018 IDW
37.25,28.75,1.15,0.367,ZD,270,TBDY-2018 IDW
37.25,29.0,1.138,0.363,ZD,270,TBDY-2018 IDW
37.25,29.25,1.124,0.357,ZD,270,TBDY-2018 IDW
37.25,29.5,1.109,0.351,ZD,270,TBDY-2018 IDW
37.25,29.75,1.092,0.345,ZD,270,TBDY-2018 IDW
37.25,30.0,1.073,0.338,ZD,270,TBDY-2018 IDW
37.25,30.25,1.051,0.329,ZD,270,TBDY-2018 IDW
37.25,30.5,1.027,0.32,ZD,270,TBDY-2018 IDW
37.25,30.75,0.998,0.309,ZD,270,TBDY-2018 IDW
37.25,31.0,0.965,0.297,ZD,270,TBDY-2018 IDW
37.25,31.25,0.927,0.283,ZD,270,TBDY-2018 IDW
37.25,31.5,0.886,0.267,ZD,270,TBDY-2018 IDW
37.25,31.75,0.843,0.251,ZD,270,TBDY-2018 IDW
37.25,32.0,0.803,0.236,ZD,270,TBDY-2018 IDW
37.25,32.25,0.774,0.225,ZD,270,TBDY-2018 IDW
37.25,32.5,0.763,0.222,ZD,270,TBDY-2018 IDW
37.25,32.75,0.774,0.225,ZD,270,TBDY-2018 IDW
37.25,33.0,0.801,0.235,ZD,270,TBDY-2018 IDW
37.25,33.25,0.834,0.247,ZD,270,TBDY-2018 IDW
37.25,33.5,0.864,0.257,ZD,270,TBDY-2018 IDW
37.25,33.75,0.89,0.266,ZD,270,TBDY-2018 IDW
37.25,34.0,0.915,0.274,ZD,270,TBDY-2018 IDW
37.25,34.25,0.943,0.283,ZD,270,TBDY-2018 IDW
37.25,34.5,0.966,0.289,ZD,270,TBDY-2018 IDW
37.25,34.75,0.968,0.287,ZD,270,TBDY-2018 IDW
37.25,35.0,0.925,0.268,ZD,270,TBDY-2018 IDW
37.25,35.25,0.86,0.243,ZD,270,TBDY-2018 IDW
37.25,35.5,0.904,0.259,ZD,270,TBDY-2018 IDW
37.25,35.75,1.12,0.337,ZD,270,TBDY-2018 IDW
37.25,36.0,1.404,0.439,ZD,270,TBDY-2018 IDW
37.25,36.25,1.691,0.54,ZC,550,TBDY-2018 IDW
37.25,36.5,1.967,0.635,ZC,550,TBDY-2018 IDW
37.25,36.75,2.2,0.716,ZC,550,TBDY-2018 IDW
37.25,37.0,2.229,0.726,ZC,550,TBDY-2018 IDW
37.25,37.25,2.037,0.66,ZC,550,TBDY-2018 IDW
37.25,37.5,1.831,0.589,ZC,550,TBDY-2018 IDW
37.25,37.75,1.637,0.523,ZC,550,TBDY-2018 IDW
37.25,38.0,1.699,0.544,ZC,550,TBDY-2018 IDW
37.25,38.25,1.871,0.604,ZC,550,TBDY-2018 IDW
37.25,38.5,1.915,0.619,ZC,550,TBDY-2018 IDW
37.25,38.75,1.855,0.599,ZC,550,TBDY-2018 IDW
37.25,39.0,1.758,0.566,ZC,550,TBDY-2018 IDW
37.25,39.25,1.649,0.529,ZC,550,TBDY-2018 IDW
37.25,39.5,1.534,0.49,ZC,550,TBDY-2018 IDW
37.25,39.75,1.423,0.452,ZD,270,TBDY-2018 IDW
37.25,40.0,1.334,0.421,ZD,270,TBDY-2018 IDW
37.25,40.25,1.3,0.41,ZD,270,TBDY-2018 IDW
37.25,40.5,1.326,0.42,ZD,270,TBDY-2018 IDW
37.25,40.75,1.361,0.432,ZD,270,TBDY-2018 IDW
37.25,41.0,1.355,0.43,ZD,270,TBDY-2018 IDW
37.25,41.25,1.293,0.408,ZD,270,TBDY-2018 IDW
37.25,41.5,1.171,0.365,ZD,270,TBDY-2018 IDW
37.25,41.75,1.017,0.311,ZD,270,TBDY-2018 IDW
37.25,42.0,0.916,0.276,ZD,270,TBDY-2018 IDW
37.25,42.25,0.923,0.278,ZD,270,TBDY-2018 IDW
37.25,42.5,0.993,0.303,ZD,270,TBDY-2018 IDW
37.25,42.75,1.07,0.329,ZD,270,TBDY-2018 IDW
37.25,43.0,1.133,0.351,ZD,270,TBDY-2018 IDW
37.25,43.25,1.178,0.367,ZD,270,TBDY-2018 IDW
37.25,43.5,1.21,0.378,ZD,270,TBDY-2018 IDW
37.25,43.75,1.232,0.386,ZD,270,TBDY-2018 IDW
37.25,44.0,1.248,0.391,ZD,270,TBDY-2018 IDW
37.5,26.0,1.185,0.38,ZD,270,TBDY-2018 IDW
37.5,26.25,1.194,0.384,ZD,270,TBDY-2018 IDW
37.5,26.5,1.201,0.387,ZD,270,TBDY-2018 IDW
37.5,26.75,1.204,0.389,ZD,270,TBDY-2018 IDW
37.5,27.0,1.202,0.39,ZD,270,TBDY-2018 IDW
37.5,27.25,1.204,0.39,ZD,270,TBDY-2018 IDW
37.5,27.5,1.2,0.387,ZD,270,TBDY-2018 IDW
37.5,27.75,1.183,0.38,ZD,270,TBDY-2018 IDW
37.5,28.0,1.173,0.377,ZD,270,TBDY-2018 IDW
37.5,28.25,1.17,0.375,ZD,270,TBDY-2018 IDW
37.5,28.5,1.163,0.373,ZD,270,TBDY-2018 IDW
37.5,28.75,1.153,0.368,ZD,270,TBDY-2018 IDW
37.5,29.0,1.141,0.364,ZD,270,TBDY-2018 IDW
37.5,29.25,1.127,0.358,ZD,270,TBDY-2018 IDW
37.5,29.5,1.111,0.352,ZD,270,TBDY-2018 IDW
37.5,29.75,1.093,0.345,ZD,270,TBDY-2018 IDW
37.5,30.0,1.074,0.338,ZD,270,TBDY-2018 IDW
37.5,30.25,1.051,0.329,ZD,270,TBDY-2018 IDW
37.5,30.5,1.024,0.319,ZD,270,TBDY-2018 IDW
37.5,30.75,0.993,0.307,ZD,270,TBDY-2018 IDW
37.5,31.0,0.957,0.294,ZD,270,TBDY-2018 IDW
37.5,31.25,0.914,0.278,ZD,270,TBDY-2018 IDW
37.5,31.5,0.865,0.26,ZD,270,TBDY-2018 IDW
37.5,31.75,0.812,0.24,ZD,270,TBDY-2018 IDW
37.5,32.0,0.761,0.221,ZD,270,TBDY-2018 IDW
37.5,32.25,0.723,0.207,ZD,220,TBDY-2018 IDW
37.5,32.5,0.709,0.202,ZD,220,TBDY-2018 IDW
37.5,32.75,0.723,0.207,ZD,220,TBDY-2018 IDW
37.5,33.0,0.758,0.22,ZD,270,TBDY-2018 IDW
37.5,33.25,0.797,0.234,ZD,270,TBDY-2018 IDW
37.5,33.5,0.825,0.244,ZD,270,TBDY-2018 IDW
37.5,33.75,0.843,0.25,ZD,270,TBDY-2018 IDW
37.5,34.0,0.863,0.256,ZD,270,TBDY-2018 IDW
37.5,34.25,0.895,0.267,ZD,270,TBDY-2018 IDW
37.5,34.5,0.935,0.279,ZD,270,TBDY-2018 IDW
37.5,34.75,0.966,0.288,ZD,270,TBDY-2018 IDW
37.5,35.0,0.976,0.289,ZD,270,TBDY-2018 IDW
37.5,35.25,0.982,0.29,ZD,270,TBDY-2018 IDW
37.5,35.5,1.048,0.313,ZD,270,TBDY-2018 IDW
37.5,35.75,1.213,0.372,ZD,270,TBDY-2018 IDW
37.5,36.0,1.456,0.458,ZD,270,TBDY-2018 IDW
37.5,36.25,1.755,0.562,ZC,550,TBDY-2018 IDW
37.5,36.5,2.124,0.689,ZC,550,TBDY-2018 IDW
37.5,36.75,2.572,0.842,ZB,900,TBDY-2018 IDW
37.5,37.0,2.723,0.894,ZB,900,TBDY-2018 IDW
37.5,37.25,2.357,0.769,ZC,550,TBDY-2018 IDW
37.5,37.5,2.297,0.748,ZC,550,TBDY-2018 IDW
37.5,37.75,2.152,0.699,ZC,550,TBDY-2018 IDW
37.5,38.0,2.123,0.69,ZC,550,TBDY-2018 IDW
37.5,38.25,2.259,0.737,ZC,550,TBDY-2018 IDW
37.5,38.5,2.172,0.708,ZC,550,TBDY-2018 IDW
37.5,38.75,1.99,0.645,ZC,550,TBDY-2018 IDW
37.5,39.0,1.826,0.589,ZC,550,TBDY-2018 IDW
37.5,39.25,1.677,0.538,ZC,550,TBDY-2018 IDW
37.5,39.5,1.529,0.488,ZC,550,TBDY-2018 IDW
37.5,39.75,1.378,0.436,ZD,270,TBDY-2018 IDW
37.5,40.0,1.241,0.389,ZD,270,TBDY-2018 IDW
37.5,40.25,1.188,0.371,ZD,270,TBDY-2018 IDW
37.5,40.5,1.288,0.407,ZD,270,TBDY-2018 IDW
37.5,40.75,1.4,0.447,ZD,270,TBDY-2018 IDW
37.5,41.0,1.412,0.451,ZD,270,TBDY-2018 IDW
37.5,41.25,1.351,0.429,ZD,270,TBDY-2018 IDW
37.5,41.5,1.237,0.389,ZD,270,TBDY-2018 IDW
37.5,41.75,1.1,0.34,ZD,270,TBDY-2018 IDW
37.5,42.0,1.005,0.307,ZD,270,TBDY-2018 IDW
37.5,42.25,0.996,0.304,ZD,270,TBDY-2018 IDW
37.5,42.5,1.044,0.32,ZD,270,TBDY-2018 IDW
37.5,42.75,1.104,0.341,ZD,270,TBDY-2018 IDW
37.5,43.0,1.155,0.359,ZD,270,TBDY-2018 IDW
37.5,43.25,1.193,0.372,ZD,270,TBDY-2018 IDW
37.5,43.5,1.221,0.382,ZD,270,TBDY-2018 IDW
37.5,43.75,1.24,0.389,ZD,270,TBDY-2018 IDW
37.5,44.0,1.254,0.393,ZD,270,TBDY-2018 IDW
37.75,26.0,1.188,0.381,ZD,270,TBDY-2018 IDW
37.75,26.25,1.199,0.386,ZD,270,TBDY-2018 IDW
37.75,26.5,1.209,0.39,ZD,270,TBDY-2018 IDW
37.75,26.75,1.213,0.392,ZD,270,TBDY-2018 IDW
37.75,27.0,1.207,0.391,ZD,270,TBDY-2018 IDW
37.75,27.25,1.215,0.393,ZD,270,TBDY-2018 IDW
37.75,27.5,1.214,0.39,ZD,270,TBDY-2018 IDW
37.75,27.75,1.165,0.375,ZD,270,TBDY-2018 IDW
37.75,28.0,1.161,0.373,ZD,270,TBDY-2018 IDW
37.75,28.25,1.169,0.375,ZD,270,TBDY-2018 IDW
37.75,28.5,1.165,0.373,ZD,270,TBDY-2018 IDW
37.75,28.75,1.155,0.369,ZD,270,TBDY-2018 IDW
37.75,29.0,1.142,0.364,ZD,270,TBDY-2018 IDW
37.75,29.25,1.128,0.359,ZD,270,TBDY-2018 IDW
37.75,29.5,1.113,0.353,ZD,270,TBDY-2018 IDW
37.75,29.75,1.095,0.346,ZD,270,TBDY-2018 IDW
37.75,30.0,1.075,0.338,ZD,270,TBDY-2018 IDW
37.75,30.25,1.051,0.33,ZD,270,TBDY-2018 IDW
37.75,30.5,1.024,0.319,ZD,270,TBDY-2018 IDW
37.75,30.75,0.991,0.307,ZD,270,TBDY-2018 IDW
37.75,31.0,0.953,0.292,ZD,270,TBDY-2018 IDW
37.75,31.25,0.907,0.275,ZD,270,TBDY-2018 IDW
37.75,31.5,0.853,0.255,ZD,270,TBDY-2018 IDW
37.75,31.75,0.793,0.233,ZD,270,TBDY-2018 IDW
37.75,32.0,0.732,0.21,ZD,220,TBDY-2018 IDW
37.75,32.25,0.686,0.194,ZD,220,TBDY-2018 IDW
37.75,32.5,0.68,0.192,ZD,220,TBDY-2018 IDW
37.75,32.75,0.685,0.193,ZD,220,TBDY-2018 IDW
37.75,33.0,0.728,0.209,ZD,220,TBDY-2018 IDW
37.75,33.25,0.769,0.224,ZD,270,TBDY-2018 IDW
37.75,33.5,0.787,0.231,ZD,270,TBDY-2018 IDW
37.75,33.75,0.783,0.23,ZD,270,TBDY-2018 IDW
37.75,34.0,0.785,0.23,ZD,270,TBDY-2018 IDW
37.75,34.25,0.821,0.242,ZD,270,TBDY-2018 IDW
37.75,34.5,0.884,0.263,ZD,270,TBDY-2018 IDW
37.75,34.75,0.946,0.283,ZD,270,TBDY-2018 IDW
37.75,35.0,0.994,0.299,ZD,270,TBDY-2018 IDW
37.75,35.25,1.039,0.314,ZD,270,TBDY-2018 IDW
37.75,35.5,1.115,0.34,ZD,270,TBDY-2018 IDW
37.75,35.75,1.25,0.387,ZD,270,TBDY-2018 IDW
37.75,36.0,1.456,0.459,ZD,270,TBDY-2018 IDW
37.75,36.25,1.735,0.555,ZC,550,TBDY-2018 IDW
37.75,36.5,2.089,0.677,ZC,550,TBDY-2018 IDW
37.75,36.75,2.475,0.809,ZC,550,TBDY-2018 IDW
37.75,37.0,2.586,0.847,ZB,900,TBDY-2018 IDW
37.75,37.25,2.427,0.792,ZC,550,TBDY-2018 IDW
37.75,37.5,2.597,0.849,ZB,900,TBDY-2018 IDW
37.75,37.75,2.379,0.776,ZC,550,TBDY-2018 IDW
37.75,38.0,2.295,0.749,ZC,550,TBDY-2018 IDW
37.75,38.25,2.498,0.819,ZC,550,TBDY-2018 IDW
37.75,38.5,2.318,0.758,ZC,550,TBDY-2018 IDW
37.75,38.75,2.063,0.671,ZC,550,TBDY-2018 IDW
37.75,39.0,1.869,0.604,ZC,550,TBDY-2018 IDW
37.75,39.25,1.7,0.546,ZC,550,TBDY-2018 IDW
37.75,39.5,1.535,0.49,ZC,550,TBDY-2018 IDW
37.75,39.75,1.364,0.431,ZD,270,TBDY-2018 IDW
37.75,40.0,1.192,0.372,ZD,270,TBDY-2018 IDW
37.75,40.25,1.102,0.341,ZD,270,TBDY-2018 IDW
37.75,40.5,1.316,0.417,ZD,270,TBDY-2018 IDW
37.75,40.75,1.517,0.49,ZC,550,TBDY-2018 IDW
37.75,41.0,1.495,0.481,ZD,270,TBDY-2018 IDW
37.75,41.25,1.417,0.453,ZD,270,TBDY-2018 IDW
37.75,41.5,1.316,0.417,ZD,270,TBDY-2018 IDW
37.75,41.75,1.211,0.379,ZD,270,TBDY-2018 IDW
37.75,42.0,1.133,0.352,ZD,270,TBDY-2018 IDW
37.75,42.25,1.109,0.343,ZD,270,TBDY-2018 IDW
37.75,42.5,1.125,0.349,ZD,270,TBDY-2018 IDW
37.75,42.75,1.158,0.36,ZD,270,TBDY-2018 IDW
37.75,43.0,1.191,0.371,ZD,270,TBDY-2018 IDW
37.75,43.25,1.217,0.381,ZD,270,TBDY-2018 IDW
37.75,43.5,1.237,0.388,ZD,270,TBDY-2018 IDW
37.75,43.75,1.252,0.393,ZD,270,TBDY-2018 IDW
37.75,44.0,1.262,0.396,ZD,270,TBDY-2018 IDW
38.0,26.0,1.19,0.382,ZD,270,TBDY-2018 IDW
38.0,26.25,1.204,0.387,ZD,270,TBDY-2018 IDW
38.0,26.5,1.22,0.393,ZD,270,TBDY-2018 IDW
38.0,26.75,1.233,0.398,ZD,270,TBDY-2018 IDW
38.0,27.0,1.241,0.401,ZD,270,TBDY-2018 IDW
38.0,27.25,1.245,0.4,ZD,270,TBDY-2018 IDW
38.0,27.5,1.243,0.398,ZD,270,TBDY-2018 IDW
38.0,27.75,1.176,0.378,ZD,270,TBDY-2018 IDW
38.0,28.0,1.166,0.375,ZD,270,TBDY-2018 IDW
38.0,28.25,1.172,0.376,ZD,270,TBDY-2018 IDW
38.0,28.5,1.166,0.374,ZD,270,TBDY-2018 IDW
38.0,28.75,1.156,0.369,ZD,270,TBDY-2018 IDW
38.0,29.0,1.143,0.365,ZD,270,TBDY-2018 IDW
38.0,29.25,1.13,0.359,ZD,270,TBDY-2018 IDW
38.0,29.5,1.114,0.354,ZD,270,TBDY-2018 IDW
38.0,29.75,1.097,0.347,ZD,270,TBDY-2018 IDW
38.0,30.0,1.077,0.339,ZD,270,TBDY-2018 IDW
38.0,30.25,1.054,0.331,ZD,270,TBDY-2018 IDW
38.0,30.5,1.026,0.32,ZD,270,TBDY-2018 IDW
38.0,30.75,0.993,0.308,ZD,270,TBDY-2018 IDW
38.0,31.0,0.954,0.293,ZD,270,TBDY-2018 IDW
38.0,31.25,0.907,0.276,ZD,270,TBDY-2018 IDW
38.0,31.5,0.852,0.255,ZD,270,TBDY-2018 IDW
38.0,31.75,0.79,0.232,ZD,270,TBDY-2018 IDW
38.0,32.0,0.726,0.208,ZD,220,TBDY-2018 IDW
38.0,32.25,0.671,0.188,ZD,220,TBDY-2018 IDW
38.0,32.5,0.615,0.166,ZD,220,TBDY-2018 IDW
38.0,32.75,0.669,0.187,ZD,220,TBDY-2018 IDW
38.0,33.0,0.719,0.205,ZD,220,TBDY-2018 IDW
38.0,33.25,0.754,0.219,ZD,270,TBDY-2018 IDW
38.0,33.5,0.75,0.218,ZD,270,TBDY-2018 IDW
38.0,33.75,0.706,0.203,ZD,220,TBDY-2018 IDW
38.0,34.0,0.673,0.192,ZD,220,TBDY-2018 IDW
38.0,34.25,0.717,0.207,ZD,220,TBDY-2018 IDW
38.0,34.5,0.818,0.241,ZD,270,TBDY-2018 IDW
38.0,34.75,0.909,0.272,ZD,270,TBDY-2018 IDW
38.0,35.0,0.971,0.293,ZD,270,TBDY-2018 IDW
38.0,35.25,1.016,0.308,ZD,270,TBDY-2018 IDW
38.0,35.5,1.078,0.33,ZD,270,TBDY-2018 IDW
38.0,35.75,1.194,0.37,ZD,270,TBDY-2018 IDW
38.0,36.0,1.38,0.434,ZD,270,TBDY-2018 IDW
38.0,36.25,1.627,0.519,ZC,550,TBDY-2018 IDW
38.0,36.5,1.905,0.614,ZC,550,TBDY-2018 IDW
38.0,36.75,2.148,0.697,ZC,550,TBDY-2018 IDW
38.0,37.0,2.254,0.734,ZC,550,TBDY-2018 IDW
38.0,37.25,2.302,0.75,ZC,550,TBDY-2018 IDW
38.0,37.5,2.39,0.779,ZC,550,TBDY-2018 IDW
38.0,37.75,2.285,0.745,ZC,550,TBDY-2018 IDW
38.0,38.0,2.231,0.727,ZC,550,TBDY-2018 IDW
38.0,38.25,2.288,0.748,ZC,550,TBDY-2018 IDW
38.0,38.5,2.206,0.72,ZC,550,TBDY-2018 IDW
38.0,38.75,2.047,0.665,ZC,550,TBDY-2018 IDW
38.0,39.0,1.877,0.607,ZC,550,TBDY-2018 IDW
38.0,39.25,1.714,0.551,ZC,550,TBDY-2018 IDW
38.0,39.5,1.559,0.498,ZC,550,TBDY-2018 IDW
38.0,39.75,1.41,0.448,ZD,270,TBDY-2018 IDW
38.0,40.0,1.283,0.404,ZD,270,TBDY-2018 IDW
38.0,40.25,1.255,0.395,ZD,270,TBDY-2018 IDW
38.0,40.5,1.454,0.467,ZD,270,TBDY-2018 IDW
38.0,40.75,1.598,0.519,ZC,550,TBDY-2018 IDW
38.0,41.0,1.54,0.498,ZC,550,TBDY-2018 IDW
38.0,41.25,1.456,0.467,ZD,270,TBDY-2018 IDW
38.0,41.5,1.374,0.437,ZD,270,TBDY-2018 IDW
38.0,41.75,1.298,0.41,ZD,270,TBDY-2018 IDW
38.0,42.0,1.239,0.389,ZD,270,TBDY-2018 IDW
38.0,42.25,1.209,0.378,ZD,270,TBDY-2018 IDW
38.0,42.5,1.205,0.376,ZD,270,TBDY-2018 IDW
38.0,42.75,1.215,0.38,ZD,270,TBDY-2018 IDW
38.0,43.0,1.23,0.385,ZD,270,TBDY-2018 IDW
38.0,43.25,1.245,0.39,ZD,270,TBDY-2018 IDW
38.0,43.5,1.257,0.394,ZD,270,TBDY-2018 IDW
38.0,43.75,1.266,0.397,ZD,270,TBDY-2018 IDW
38.0,44.0,1.272,0.399,ZD,270,TBDY-2018 IDW
38.25,26.0,1.188,0.381,ZD,270,TBDY-2018 IDW
38.25,26.25,1.207,0.388,ZD,270,TBDY-2018 IDW
38.25,26.5,1.229,0.396,ZD,270,TBDY-2018 IDW
38.25,26.75,1.258,0.406,ZD,270,TBDY-2018 IDW
38.25,27.0,1.296,0.42,ZD,270,TBDY-2018 IDW
38.25,27.25,1.29,0.418,ZD,270,TBDY-2018 IDW
38.25,27.5,1.247,0.401,ZD,270,TBDY-2018 IDW
38.25,27.75,1.21,0.389,ZD,270,TBDY-2018 IDW
38.25,28.0,1.188,0.382,ZD,270,TBDY-2018 IDW
38.25,28.25,1.177,0.378,ZD,270,TBDY-2018 IDW
38.25,28.5,1.167,0.374,ZD,270,TBDY-2018 IDW
38.25,28.75,1.156,0.369,ZD,270,TBDY-2018 IDW
38.25,29.0,1.144,0.365,ZD,270,TBDY-2018 IDW
38.25,29.25,1.131,0.36,ZD,270,TBDY-2018 IDW
38.25,29.5,1.116,0.354,ZD,270,TBDY-2018 IDW
38.25,29.75,1.1,0.348,ZD,270,TBDY-2018 IDW
38.25,30.0,1.081,0.341,ZD,270,TBDY-2018 IDW
38.25,30.25,1.058,0.332,ZD,270,TBDY-2018 IDW
38.25,30.5,1.03,0.322,ZD,270,TBDY-2018 IDW
38.25,30.75,0.998,0.31,ZD,270,TBDY-2018 IDW
38.25,31.0,0.96,0.295,ZD,270,TBDY-2018 IDW
38.25,31.25,0.915,0.279,ZD,270,TBDY-2018 IDW
38.25,31.5,0.863,0.259,ZD,270,TBDY-2018 IDW
38.25,31.75,0.806,0.238,ZD,270,TBDY-2018 IDW
38.25,32.0,0.748,0.216,ZD,220,TBDY-2018 IDW
38.25,32.25,0.699,0.198,ZD,220,TBDY-2018 IDW
38.25,32.5,0.676,0.189,ZD,220,TBDY-2018 IDW
38.25,32.75,0.696,0.197,ZD,220,TBDY-2018 IDW
38.25,33.0,0.733,0.211,ZD,220,TBDY-2018 IDW
38.25,33.25,0.752,0.218,ZD,270,TBDY-2018 IDW
38.25,33.5,0.724,0.209,ZD,220,TBDY-2018 IDW
38.25,33.75,0.638,0.18,ZD,220,TBDY-2018 IDW
38.25,34.0,0.565,0.155,ZD,220,TBDY-2018 IDW
38.25,34.25,0.624,0.175,ZD,220,TBDY-2018 IDW
38.25,34.5,0.764,0.223,ZD,270,TBDY-2018 IDW
38.25,34.75,0.875,0.261,ZD,270,TBDY-2018 IDW
38.25,35.0,0.929,0.28,ZD,270,TBDY-2018 IDW
38.25,35.25,0.937,0.283,ZD,270,TBDY-2018 IDW
38.25,35.5,0.953,0.288,ZD,270,TBDY-2018 IDW
38.25,35.75,1.056,0.323,ZD,270,TBDY-2018 IDW
38.25,36.0,1.248,0.389,ZD,270,TBDY-2018 IDW
38.25,36.25,1.479,0.468,ZD,270,TBDY-2018 IDW
38.25,36.5,1.705,0.546,ZC,550,TBDY-2018 IDW
38.25,36.75,1.891,0.61,ZC,550,TBDY-2018 IDW
38.25,37.0,2.012,0.651,ZC,550,TBDY-2018 IDW
38.25,37.25,2.09,0.678,ZC,550,TBDY-2018 IDW
38.25,37.5,2.134,0.693,ZC,550,TBDY-2018 IDW
38.25,37.75,2.124,0.691,ZC,550,TBDY-2018 IDW
38.25,38.0,2.138,0.697,ZC,550,TBDY-2018 IDW
38.25,38.25,2.182,0.713,ZC,550,TBDY-2018 IDW
38.25,38.5,2.145,0.7,ZC,550,TBDY-2018 IDW
38.25,38.75,2.015,0.655,ZC,550,TBDY-2018 IDW
38.25,39.0,1.862,0.602,ZC,550,TBDY-2018 IDW
38.25,39.25,1.718,0.553,ZC,550,TBDY-2018 IDW
38.25,39.5,1.59,0.509,ZC,550,TBDY-2018 IDW
38.25,39.75,1.479,0.471,ZD,270,TBDY-2018 IDW
38.25,40.0,1.401,0.445,ZD,270,TBDY-2018 IDW
38.25,40.25,1.394,0.444,ZD,270,TBDY-2018 IDW
38.25,40.5,1.469,0.471,ZD,270,TBDY-2018 IDW
38.25,40.75,1.53,0.494,ZC,550,TBDY-2018 IDW
38.25,41.0,1.511,0.487,ZC,550,TBDY-2018 IDW
38.25,41.25,1.461,0.468,ZD,270,TBDY-2018 IDW
38.25,41.5,1.407,0.448,ZD,270,TBDY-2018 IDW
38.25,41.75,1.355,0.429,ZD,270,TBDY-2018 IDW
38.25,42.0,1.312,0.414,ZD,270,TBDY-2018 IDW
38.25,42.25,1.283,0.404,ZD,270,TBDY-2018 IDW
38.25,42.5,1.269,0.399,ZD,270,TBDY-2018 IDW
38.25,42.75,1.266,0.397,ZD,270,TBDY-2018 IDW
38.25,43.0,1.268,0.398,ZD,270,TBDY-2018 IDW
38.25,43.25,1.272,0.399,ZD,270,TBDY-2018 IDW
38.25,43.5,1.276,0.401,ZD,270,TBDY-2018 IDW
38.25,43.75,1.28,0.402,ZD,270,TBDY-2018 IDW
38.25,44.0,1.282,0.403,ZD,270,TBDY-2018 IDW
38.5,26.0,1.183,0.379,ZD,270,TBDY-2018 IDW
38.5,26.25,1.203,0.387,ZD,270,TBDY-2018 IDW
38.5,26.5,1.23,0.396,ZD,270,TBDY-2018 IDW
38.5,26.75,1.267,0.409,ZD,270,TBDY-2018 IDW
38.5,27.0,1.313,0.426,ZD,270,TBDY-2018 IDW
38.5,27.25,1.318,0.428,ZD,270,TBDY-2018 IDW
38.5,27.5,1.261,0.407,ZD,270,TBDY-2018 IDW
38.5,27.75,1.22,0.393,ZD,270,TBDY-2018 IDW
38.5,28.0,1.194,0.383,ZD,270,TBDY-2018 IDW
38.5,28.25,1.177,0.377,ZD,270,TBDY-2018 IDW
38.5,28.5,1.165,0.373,ZD,270,TBDY-2018 IDW
38.5,28.75,1.154,0.369,ZD,270,TBDY-2018 IDW
38.5,29.0,1.143,0.365,ZD,270,TBDY-2018 IDW
38.5,29.25,1.132,0.36,ZD,270,TBDY-2018 IDW
38.5,29.5,1.119,0.356,ZD,270,TBDY-2018 IDW
38.5,29.75,1.104,0.35,ZD,270,TBDY-2018 IDW
38.5,30.0,1.085,0.343,ZD,270,TBDY-2018 IDW
38.5,30.25,1.063,0.334,ZD,270,TBDY-2018 IDW
38.5,30.5,1.036,0.324,ZD,270,TBDY-2018 IDW
38.5,30.75,1.005,0.313,ZD,270,TBDY-2018 IDW
38.5,31.0,0.969,0.299,ZD,270,TBDY-2018 IDW
38.5,31.25,0.928,0.284,ZD,270,TBDY-2018 IDW
38.5,31.5,0.882,0.267,ZD,270,TBDY-2018 IDW
38.5,31.75,0.833,0.248,ZD,270,TBDY-2018 IDW
38.5,32.0,0.786,0.231,ZD,270,TBDY-2018 IDW
38.5,32.25,0.75,0.217,ZD,220,TBDY-2018 IDW
38.5,32.5,0.734,0.211,ZD,220,TBDY-2018 IDW
38.5,32.75,0.741,0.214,ZD,220,TBDY-2018 IDW
38.5,33.0,0.758,0.22,ZD,270,TBDY-2018 IDW
38.5,33.25,0.761,0.222,ZD,270,TBDY-2018 IDW
38.5,33.5,0.727,0.211,ZD,220,TBDY-2018 IDW
38.5,33.75,0.646,0.183,ZD,220,TBDY-2018 IDW
38.5,34.0,0.579,0.16,ZD,220,TBDY-2018 IDW
38.5,34.25,0.634,0.179,ZD,220,TBDY-2018 IDW
38.5,34.5,0.763,0.223,ZD,270,TBDY-2018 IDW
38.5,34.75,0.86,0.257,ZD,270,TBDY-2018 IDW
38.5,35.0,0.89,0.267,ZD,270,TBDY-2018 IDW
38.5,35.25,0.844,0.252,ZD,270,TBDY-2018 IDW
38.5,35.5,0.795,0.235,ZD,270,TBDY-2018 IDW
38.5,35.75,0.898,0.27,ZD,270,TBDY-2018 IDW
38.5,36.0,1.117,0.345,ZD,270,TBDY-2018 IDW
38.5,36.25,1.341,0.421,ZD,270,TBDY-2018 IDW
38.5,36.5,1.535,0.488,ZC,550,TBDY-2018 IDW
38.5,36.75,1.692,0.542,ZC,550,TBDY-2018 IDW
38.5,37.0,1.808,0.582,ZC,550,TBDY-2018 IDW
38.5,37.25,1.89,0.61,ZC,550,TBDY-2018 IDW
38.5,37.5,1.946,0.629,ZC,550,TBDY-2018 IDW
38.5,37.75,1.992,0.646,ZC,550,TBDY-2018 IDW
38.5,38.0,2.07,0.674,ZC,550,TBDY-2018 IDW
38.5,38.25,2.164,0.707,ZC,550,TBDY-2018 IDW
38.5,38.5,2.114,0.69,ZC,550,TBDY-2018 IDW
38.5,38.75,1.966,0.638,ZC,550,TBDY-2018 IDW
38.5,39.0,1.825,0.59,ZC,550,TBDY-2018 IDW
38.5,39.25,1.708,0.549,ZC,550,TBDY-2018 IDW
38.5,39.5,1.612,0.516,ZC,550,TBDY-2018 IDW
38.5,39.75,1.533,0.49,ZC,550,TBDY-2018 IDW
38.5,40.0,1.477,0.471,ZD,270,TBDY-2018 IDW
38.5,40.25,1.458,0.465,ZD,270,TBDY-2018 IDW
38.5,40.5,1.471,0.471,ZD,270,TBDY-2018 IDW
38.5,40.75,1.487,0.477,ZD,270,TBDY-2018 IDW
38.5,41.0,1.482,0.475,ZD,270,TBDY-2018 IDW
38.5,41.25,1.46,0.467,ZD,270,TBDY-2018 IDW
38.5,41.5,1.429,0.455,ZD,270,TBDY-2018 IDW
38.5,41.75,1.395,0.443,ZD,270,TBDY-2018 IDW
38.5,42.0,1.363,0.432,ZD,270,TBDY-2018 IDW
38.5,42.25,1.337,0.422,ZD,270,TBDY-2018 IDW
38.5,42.5,1.318,0.416,ZD,270,TBDY-2018 IDW
38.5,42.75,1.306,0.411,ZD,270,TBDY-2018 IDW
38.5,43.0,1.3,0.409,ZD,270,TBDY-2018 IDW
38.5,43.25,1.296,0.408,ZD,270,TBDY-2018 IDW
38.5,43.5,1.294,0.407,ZD,270,TBDY-2018 IDW
38.5,43.75,1.293,0.407,ZD,270,TBDY-2018 IDW
38.5,44.0,1.292,0.406,ZD,270,TBDY-2018 IDW
38.75,26.0,1.173,0.376,ZD,270,TBDY-2018 IDW
38.75,26.25,1.192,0.382,ZD,270,TBDY-2018 IDW
38.75,26.5,1.217,0.391,ZD,270,TBDY-2018 IDW
38.75,26.75,1.252,0.404,ZD,270,TBDY-2018 IDW
38.75,27.0,1.288,0.416,ZD,270,TBDY-2018 IDW
38.75,27.25,1.289,0.416,ZD,270,TBDY-2018 IDW
38.75,27.5,1.248,0.402,ZD,270,TBDY-2018 IDW
38.75,27.75,1.211,0.389,ZD,270,TBDY-2018 IDW
38.75,28.0,1.187,0.381,ZD,270,TBDY-2018 IDW
38.75,28.25,1.171,0.375,ZD,270,TBDY-2018 IDW
38.75,28.5,1.16,0.371,ZD,270,TBDY-2018 IDW
38.75,28.75,1.151,0.368,ZD,270,TBDY-2018 IDW
38.75,29.0,1.143,0.365,ZD,270,TBDY-2018 IDW
38.75,29.25,1.135,0.361,ZD,270,TBDY-2018 IDW
38.75,29.5,1.124,0.357,ZD,270,TBDY-2018 IDW
38.75,29.75,1.109,0.352,ZD,270,TBDY-2018 IDW
38.75,30.0,1.092,0.345,ZD,270,TBDY-2018 IDW
38.75,30.25,1.07,0.337,ZD,270,TBDY-2018 IDW
38.75,30.5,1.044,0.328,ZD,270,TBDY-2018 IDW
38.75,30.75,1.014,0.316,ZD,270,TBDY-2018 IDW
38.75,31.0,0.98,0.304,ZD,270,TBDY-2018 IDW
38.75,31.25,0.942,0.289,ZD,270,TBDY-2018 IDW
38.75,31.5,0.901,0.274,ZD,270,TBDY-2018 IDW
38.75,31.75,0.86,0.259,ZD,270,TBDY-2018 IDW
38.75,32.0,0.823,0.245,ZD,270,TBDY-2018 IDW
38.75,32.25,0.794,0.234,ZD,270,TBDY-2018 IDW
38.75,32.5,0.779,0.229,ZD,270,TBDY-2018 IDW
38.75,32.75,0.776,0.228,ZD,270,TBDY-2018 IDW
38.75,33.0,0.78,0.229,ZD,270,TBDY-2018 IDW
38.75,33.25,0.777,0.228,ZD,270,TBDY-2018 IDW
38.75,33.5,0.756,0.221,ZD,270,TBDY-2018 IDW
38.75,33.75,0.715,0.207,ZD,220,TBDY-2018 IDW
38.75,34.0,0.688,0.198,ZD,220,TBDY-2018 IDW
38.75,34.25,0.724,0.21,ZD,220,TBDY-2018 IDW
38.75,34.5,0.802,0.237,ZD,270,TBDY-2018 IDW
38.75,34.75,0.865,0.259,ZD,270,TBDY-2018 IDW
38.75,35.0,0.876,0.263,ZD,270,TBDY-2018 IDW
38.75,35.25,0.818,0.243,ZD,270,TBDY-2018 IDW
38.75,35.5,0.76,0.223,ZD,270,TBDY-2018 IDW
38.75,35.75,0.854,0.255,ZD,270,TBDY-2018 IDW
38.75,36.0,1.051,0.323,ZD,270,TBDY-2018 IDW
38.75,36.25,1.242,0.388,ZD,270,TBDY-2018 IDW
38.75,36.5,1.401,0.442,ZD,270,TBDY-2018 IDW
38.75,36.75,1.53,0.487,ZC,550,TBDY-2018 IDW
38.75,37.0,1.632,0.522,ZC,550,TBDY-2018 IDW
38.75,37.25,1.712,0.549,ZC,550,TBDY-2018 IDW
38.75,37.5,1.78,0.573,ZC,550,TBDY-2018 IDW
38.75,37.75,1.847,0.596,ZC,550,TBDY-2018 IDW
38.75,38.0,1.927,0.625,ZC,550,TBDY-2018 IDW
38.75,38.25,1.988,0.646,ZC,550,TBDY-2018 IDW
38.75,38.5,1.959,0.636,ZC,550,TBDY-2018 IDW
38.75,38.75,1.862,0.603,ZC,550,TBDY-2018 IDW
38.75,39.0,1.766,0.569,ZC,550,TBDY-2018 IDW
38.75,39.25,1.689,0.543,ZC,550,TBDY-2018 IDW
38.75,39.5,1.627,0.522,ZC,550,TBDY-2018 IDW
38.75,39.75,1.573,0.503,ZC,550,TBDY-2018 IDW
38.75,40.0,1.528,0.488,ZC,550,TBDY-2018 IDW
38.75,40.25,1.499,0.479,ZD,270,TBDY-2018 IDW
38.75,40.5,1.489,0.476,ZD,270,TBDY-2018 IDW
38.75,40.75,1.487,0.475,ZD,270,TBDY-2018 IDW
38.75,41.0,1.484,0.474,ZD,270,TBDY-2018 IDW
38.75,41.25,1.473,0.47,ZD,270,TBDY-2018 IDW
38.75,41.5,1.456,0.464,ZD,270,TBDY-2018 IDW
38.75,41.75,1.432,0.455,ZD,270,TBDY-2018 IDW
38.75,42.0,1.405,0.446,ZD,270,TBDY-2018 IDW
38.75,42.25,1.378,0.436,ZD,270,TBDY-2018 IDW
38.75,42.5,1.356,0.429,ZD,270,TBDY-2018 IDW
38.75,42.75,1.339,0.422,ZD,270,TBDY-2018 IDW
38.75,43.0,1.326,0.418,ZD,270,TBDY-2018 IDW
38.75,43.25,1.317,0.415,ZD,270,TBDY-2018 IDW
38.75,43.5,1.31,0.412,ZD,270,TBDY-2018 IDW
38.75,43.75,1.305,0.411,ZD,270,TBDY-2018 IDW
38.75,44.0,1.3,0.409,ZD,270,TBDY-2018 IDW
39.0,26.0,1.16,0.371,ZD,270,TBDY-2018 IDW
39.0,26.25,1.175,0.376,ZD,270,TBDY-2018 IDW
39.0,26.5,1.192,0.382,ZD,270,TBDY-2018 IDW
39.0,26.75,1.215,0.391,ZD,270,TBDY-2018 IDW
39.0,27.0,1.238,0.399,ZD,270,TBDY-2018 IDW
39.0,27.25,1.237,0.398,ZD,270,TBDY-2018 IDW
39.0,27.5,1.212,0.389,ZD,270,TBDY-2018 IDW
39.0,27.75,1.186,0.38,ZD,270,TBDY-2018 IDW
39.0,28.0,1.169,0.374,ZD,270,TBDY-2018 IDW
39.0,28.25,1.159,0.37,ZD,270,TBDY-2018 IDW
39.0,28.5,1.153,0.368,ZD,270,TBDY-2018 IDW
39.0,28.75,1.149,0.367,ZD,270,TBDY-2018 IDW
39.0,29.0,1.145,0.365,ZD,270,TBDY-2018 IDW
39.0,29.25,1.139,0.363,ZD,270,TBDY-2018 IDW
39.0,29.5,1.13,0.36,ZD,270,TBDY-2018 IDW
39.0,29.75,1.117,0.355,ZD,270,TBDY-2018 IDW
39.0,30.0,1.1,0.349,ZD,270,TBDY-2018 IDW
39.0,30.25,1.078,0.341,ZD,270,TBDY-2018 IDW
39.0,30.5,1.053,0.331,ZD,270,TBDY-2018 IDW
39.0,30.75,1.023,0.32,ZD,270,TBDY-2018 IDW
39.0,31.0,0.99,0.308,ZD,270,TBDY-2018 IDW
39.0,31.25,0.955,0.295,ZD,270,TBDY-2018 IDW
39.0,31.5,0.918,0.281,ZD,270,TBDY-2018 IDW
39.0,31.75,0.881,0.267,ZD,270,TBDY-2018 IDW
39.0,32.0,0.847,0.254,ZD,270,TBDY-2018 IDW
39.0,32.25,0.819,0.244,ZD,270,TBDY-2018 IDW
39.0,32.5,0.799,0.237,ZD,270,TBDY-2018 IDW
39.0,32.75,0.789,0.233,ZD,270,TBDY-2018 IDW
39.0,33.0,0.787,0.233,ZD,270,TBDY-2018 IDW
39.0,33.25,0.788,0.233,ZD,270,TBDY-2018 IDW
39.0,33.5,0.784,0.231,ZD,270,TBDY-2018 IDW
39.0,33.75,0.774,0.228,ZD,270,TBDY-2018 IDW
39.0,34.0,0.774,0.228,ZD,270,TBDY-2018 IDW
39.0,34.25,0.798,0.236,ZD,270,TBDY-2018 IDW
39.0,34.5,0.839,0.25,ZD,270,TBDY-2018 IDW
39.0,34.75,0.876,0.263,ZD,270,TBDY-2018 IDW
39.0,35.0,0.887,0.266,ZD,270,TBDY-2018 IDW
39.0,35.25,0.867,0.26,ZD,270,TBDY-2018 IDW
39.0,35.5,0.855,0.256,ZD,270,TBDY-2018 IDW
39.0,35.75,0.92,0.278,ZD,270,TBDY-2018 IDW
39.0,36.0,1.047,0.321,ZD,270,TBDY-2018 IDW
39.0,36.25,1.178,0.366,ZD,270,TBDY-2018 IDW
39.0,36.5,1.294,0.406,ZD,270,TBDY-2018 IDW
39.0,36.75,1.391,0.439,ZD,270,TBDY-2018 IDW
39.0,37.0,1.474,0.468,ZD,270,TBDY-2018 IDW
39.0,37.25,1.544,0.492,ZC,550,TBDY-2018 IDW
39.0,37.5,1.61,0.515,ZC,550,TBDY-2018 IDW
39.0,37.75,1.676,0.538,ZC,550,TBDY-2018 IDW
39.0,38.0,1.74,0.56,ZC,550,TBDY-2018 IDW
39.0,38.25,1.782,0.575,ZC,550,TBDY-2018 IDW
39.0,38.5,1.779,0.574,ZC,550,TBDY-2018 IDW
39.0,38.75,1.742,0.561,ZC,550,TBDY-2018 IDW
39.0,39.0,1.705,0.548,ZC,550,TBDY-2018 IDW
39.0,39.25,1.68,0.54,ZC,550,TBDY-2018 IDW
39.0,39.5,1.656,0.532,ZC,550,TBDY-2018 IDW
39.0,39.75,1.619,0.519,ZC,550,TBDY-2018 IDW
39.0,40.0,1.573,0.503,ZC,550,TBDY-2018 IDW
39.0,40.25,1.535,0.491,ZC,550,TBDY-2018 IDW
39.0,40.5,1.514,0.484,ZC,550,TBDY-2018 IDW
39.0,40.75,1.509,0.482,ZC,550,TBDY-2018 IDW
39.0,41.0,1.511,0.482,ZC,550,TBDY-2018 IDW
39.0,41.25,1.51,0.482,ZC,550,TBDY-2018 IDW
39.0,41.5,1.499,0.478,ZD,270,TBDY-2018 IDW
39.0,41.75,1.475,0.469,ZD,270,TBDY-2018 IDW
39.0,42.0,1.444,0.459,ZD,270,TBDY-2018 IDW
39.0,42.25,1.414,0.448,ZD,270,TBDY-2018 IDW
39.0,42.5,1.386,0.439,ZD,270,TBDY-2018 IDW
39.0,42.75,1.364,0.431,ZD,270,TBDY-2018 IDW
39.0,43.0,1.346,0.425,ZD,270,TBDY-2018 IDW
39.0,43.25,1.332,0.42,ZD,270,TBDY-2018 IDW
39.0,43.5,1.322,0.417,ZD,270,TBDY-2018 IDW
39.0,43.75,1.314,0.414,ZD,270,TBDY-2018 IDW
39.0,44.0,1.307,0.412,ZD,270,TBDY-2018 IDW
39.25,26.0,1.148,0.366,ZD,270,TBDY-2018 IDW
39.25,26.25,1.158,0.37,ZD,270,TBDY-2018 IDW
39.25,26.5,1.166,0.373,ZD,270,TBDY-2018 IDW
39.25,26.75,1.174,0.376,ZD,270,TBDY-2018 IDW
39.25,27.0,1.179,0.378,ZD,270,TBDY-2018 IDW
39.25,27.25,1.178,0.378,ZD,270,TBDY-2018 IDW
39.25,27.5,1.168,0.374,ZD,270,TBDY-2018 IDW
39.25,27.75,1.154,0.369,ZD,270,TBDY-2018 IDW
39.25,28.0,1.146,0.366,ZD,270,TBDY-2018 IDW
39.25,28.25,1.144,0.365,ZD,270,TBDY-2018 IDW
39.25,28.5,1.146,0.366,ZD,270,TBDY-2018 IDW
39.25,28.75,1.148,0.366,ZD,270,TBDY-2018 IDW
39.25,29.0,1.149,0.367,ZD,270,TBDY-2018 IDW
39.25,29.25,1.147,0.366,ZD,270,TBDY-2018 IDW
39.25,29.5,1.14,0.363,ZD,270,TBDY-2018 IDW
39.25,29.75,1.128,0.359,ZD,270,TBDY-2018 IDW
39.25,30.0,1.111,0.353,ZD,270,TBDY-2018 IDW
39.25,30.25,1.088,0.345,ZD,270,TBDY-2018 IDW
39.25,30.5,1.062,0.335,ZD,270,TBDY-2018 IDW
39.25,30.75,1.031,0.324,ZD,270,TBDY-2018 IDW
39.25,31.0,0.998,0.311,ZD,270,TBDY-2018 IDW
39.25,31.25,0.964,0.298,ZD,270,TBDY-2018 IDW
39.25,31.5,0.928,0.285,ZD,270,TBDY-2018 IDW
39.25,31.75,0.892,0.272,ZD,270,TBDY-2018 IDW
39.25,32.0,0.855,0.258,ZD,270,TBDY-2018 IDW
39.25,32.25,0.82,0.246,ZD,270,TBDY-2018 IDW
39.25,32.5,0.79,0.235,ZD,270,TBDY-2018 IDW
39.25,32.75,0.77,0.228,ZD,270,TBDY-2018 IDW
39.25,33.0,0.768,0.227,ZD,270,TBDY-2018 IDW
39.25,33.25,0.78,0.231,ZD,270,TBDY-2018 IDW
39.25,33.5,0.794,0.236,ZD,270,TBDY-2018 IDW
39.25,33.75,0.805,0.239,ZD,270,TBDY-2018 IDW
39.25,34.0,0.816,0.242,ZD,270,TBDY-2018 IDW
39.25,34.25,0.834,0.249,ZD,270,TBDY-2018 IDW
39.25,34.5,0.858,0.257,ZD,270,TBDY-2018 IDW
39.25,34.75,0.881,0.264,ZD,270,TBDY-2018 IDW
39.25,35.0,0.896,0.27,ZD,270,TBDY-2018 IDW
39.25,35.25,0.906,0.273,ZD,270,TBDY-2018 IDW
39.25,35.5,0.923,0.279,ZD,270,TBDY-2018 IDW
39.25,35.75,0.97,0.295,ZD,270,TBDY-2018 IDW
39.25,36.0,1.042,0.32,ZD,270,TBDY-2018 IDW
39.25,36.25,1.121,0.347,ZD,270,TBDY-2018 IDW
39.25,36.5,1.196,0.372,ZD,270,TBDY-2018 IDW
39.25,36.75,1.264,0.396,ZD,270,TBDY-2018 IDW
39.25,37.0,1.325,0.417,ZD,270,TBDY-2018 IDW
39.25,37.25,1.379,0.436,ZD,270,TBDY-2018 IDW
39.25,37.5,1.433,0.454,ZD,270,TBDY-2018 IDW
39.25,37.75,1.491,0.474,ZD,270,TBDY-2018 IDW
39.25,38.0,1.55,0.495,ZC,550,TBDY-2018 IDW
39.25,38.25,1.597,0.511,ZC,550,TBDY-2018 IDW
39.25,38.5,1.624,0.52,ZC,550,TBDY-2018 IDW
39.25,38.75,1.642,0.526,ZC,550,TBDY-2018 IDW
39.25,39.0,1.671,0.536,ZC,550,TBDY-2018 IDW
39.25,39.25,1.714,0.551,ZC,550,TBDY-2018 IDW
39.25,39.5,1.735,0.559,ZC,550,TBDY-2018 IDW
39.25,39.75,1.697,0.546,ZC,550,TBDY-2018 IDW
39.25,40.0,1.627,0.521,ZC,550,TBDY-2018 IDW
39.25,40.25,1.568,0.501,ZC,550,TBDY-2018 IDW
39.25,40.5,1.54,0.492,ZC,550,TBDY-2018 IDW
39.25,40.75,1.543,0.493,ZC,550,TBDY-2018 IDW
39.25,41.0,1.563,0.499,ZC,550,TBDY-2018 IDW
39.25,41.25,1.577,0.504,ZC,550,TBDY-2018 IDW
39.25,41.5,1.565,0.5,ZC,550,TBDY-2018 IDW
39.25,41.75,1.529,0.488,ZC,550,TBDY-2018 IDW
39.25,42.0,1.486,0.473,ZD,270,TBDY-2018 IDW
39.25,42.25,1.445,0.459,ZD,270,TBDY-2018 IDW
39.25,42.5,1.41,0.447,ZD,270,TBDY-2018 IDW
39.25,42.75,1.382,0.437,ZD,270,TBDY-2018 IDW
39.25,43.0,1.361,0.43,ZD,270,TBDY-2018 IDW
39.25,43.25,1.344,0.424,ZD,270,TBDY-2018 IDW
39.25,43.5,1.33,0.419,ZD,270,TBDY-2018 IDW
39.25,43.75,1.32,0.416,ZD,270,TBDY-2018 IDW
39.25,44.0,1.312,0.413,ZD,270,TBDY-2018 IDW
39.5,26.0,1.141,0.363,ZD,270,TBDY-2018 IDW
39.5,26.25,1.152,0.367,ZD,270,TBDY-2018 IDW
39.5,26.5,1.153,0.368,ZD,270,TBDY-2018 IDW
39.5,26.75,1.15,0.368,ZD,270,TBDY-2018 IDW
39.5,27.0,1.149,0.369,ZD,270,TBDY-2018 IDW
39.5,27.25,1.144,0.366,ZD,270,TBDY-2018 IDW
39.5,27.5,1.134,0.362,ZD,270,TBDY-2018 IDW
39.5,27.75,1.124,0.358,ZD,270,TBDY-2018 IDW
39.5,28.0,1.123,0.358,ZD,270,TBDY-2018 IDW
39.5,28.25,1.13,0.36,ZD,270,TBDY-2018 IDW
39.5,28.5,1.14,0.364,ZD,270,TBDY-2018 IDW
39.5,28.75,1.151,0.367,ZD,270,TBDY-2018 IDW
39.5,29.0,1.158,0.37,ZD,270,TBDY-2018 IDW
39.5,29.25,1.16,0.371,ZD,270,TBDY-2018 IDW
39.5,29.5,1.155,0.369,ZD,270,TBDY-2018 IDW
39.5,29.75,1.143,0.365,ZD,270,TBDY-2018 IDW
39.5,30.0,1.124,0.358,ZD,270,TBDY-2018 IDW
39.5,30.25,1.1,0.349,ZD,270,TBDY-2018 IDW
39.5,30.5,1.071,0.339,ZD,270,TBDY-2018 IDW
39.5,30.75,1.038,0.327,ZD,270,TBDY-2018 IDW
39.5,31.0,1.003,0.314,ZD,270,TBDY-2018 IDW
39.5,31.25,0.968,0.301,ZD,270,TBDY-2018 IDW
39.5,31.5,0.932,0.287,ZD,270,TBDY-2018 IDW
39.5,31.75,0.894,0.273,ZD,270,TBDY-2018 IDW
39.5,32.0,0.852,0.258,ZD,270,TBDY-2018 IDW
39.5,32.25,0.803,0.24,ZD,270,TBDY-2018 IDW
39.5,32.5,0.75,0.222,ZD,220,TBDY-2018 IDW
39.5,32.75,0.71,0.208,ZD,220,TBDY-2018 IDW
39.5,33.0,0.713,0.208,ZD,220,TBDY-2018 IDW
39.5,33.25,0.749,0.221,ZD,220,TBDY-2018 IDW
39.5,33.5,0.786,0.233,ZD,270,TBDY-2018 IDW
39.5,33.75,0.812,0.242,ZD,270,TBDY-2018 IDW
39.5,34.0,0.829,0.247,ZD,270,TBDY-2018 IDW
39.5,34.25,0.842,0.252,ZD,270,TBDY-2018 IDW
39.5,34.5,0.855,0.256,ZD,270,TBDY-2018 IDW
39.5,34.75,0.867,0.26,ZD,270,TBDY-2018 IDW
39.5,35.0,0.883,0.265,ZD,270,TBDY-2018 IDW
39.5,35.25,0.903,0.272,ZD,270,TBDY-2018 IDW
39.5,35.5,0.929,0.281,ZD,270,TBDY-2018 IDW
39.5,35.75,0.965,0.293,ZD,270,TBDY-2018 IDW
39.5,36.0,1.008,0.308,ZD,270,TBDY-2018 IDW
39.5,36.25,1.052,0.323,ZD,270,TBDY-2018 IDW
39.5,36.5,1.096,0.338,ZD,270,TBDY-2018 IDW
39.5,36.75,1.141,0.354,ZD,270,TBDY-2018 IDW
39.5,37.0,1.182,0.368,ZD,270,TBDY-2018 IDW
39.5,37.25,1.217,0.38,ZD,270,TBDY-2018 IDW
39.5,37.5,1.253,0.393,ZD,270,TBDY-2018 IDW
39.5,37.75,1.302,0.41,ZD,270,TBDY-2018 IDW
39.5,38.0,1.366,0.432,ZD,270,TBDY-2018 IDW
39.5,38.25,1.431,0.454,ZD,270,TBDY-2018 IDW
39.5,38.5,1.493,0.475,ZD,270,TBDY-2018 IDW
39.5,38.75,1.565,0.5,ZC,550,TBDY-2018 IDW
39.5,39.0,1.67,0.536,ZC,550,TBDY-2018 IDW
39.5,39.25,1.808,0.584,ZC,550,TBDY-2018 IDW
39.5,39.5,1.886,0.611,ZC,550,TBDY-2018 IDW
39.5,39.75,1.814,0.586,ZC,550,TBDY-2018 IDW
39.5,40.0,1.683,0.541,ZC,550,TBDY-2018 IDW
39.5,40.25,1.59,0.509,ZC,550,TBDY-2018 IDW
39.5,40.5,1.557,0.497,ZC,550,TBDY-2018 IDW
39.5,40.75,1.58,0.505,ZC,550,TBDY-2018 IDW
39.5,41.0,1.637,0.524,ZC,550,TBDY-2018 IDW
39.5,41.25,1.676,0.538,ZC,550,TBDY-2018 IDW
39.5,41.5,1.653,0.53,ZC,550,TBDY-2018 IDW
39.5,41.75,1.591,0.508,ZC,550,TBDY-2018 IDW
39.5,42.0,1.525,0.486,ZC,550,TBDY-2018 IDW
39.5,42.25,1.47,0.467,ZD,270,TBDY-2018 IDW
39.5,42.5,1.427,0.452,ZD,270,TBDY-2018 IDW
39.5,42.75,1.394,0.441,ZD,270,TBDY-2018 IDW
39.5,43.0,1.369,0.433,ZD,270,TBDY-2018 IDW
39.5,43.25,1.35,0.426,ZD,270,TBDY-2018 IDW
39.5,43.5,1.335,0.421,ZD,270,TBDY-2018 IDW
39.5,43.75,1.324,0.417,ZD,270,TBDY-2018 IDW
39.5,44.0,1.314,0.414,ZD,270,TBDY-2018 IDW
39.75,26.0,1.144,0.363,ZD,270,TBDY-2018 IDW
39.75,26.25,1.173,0.372,ZD,270,TBDY-2018 IDW
39.75,26.5,1.165,0.37,ZD,270,TBDY-2018 IDW
39.75,26.75,1.144,0.366,ZD,270,TBDY-2018 IDW
39.75,27.0,1.15,0.37,ZD,270,TBDY-2018 IDW
39.75,27.25,1.13,0.362,ZD,270,TBDY-2018 IDW
39.75,27.5,1.109,0.353,ZD,270,TBDY-2018 IDW
39.75,27.75,1.103,0.351,ZD,270,TBDY-2018 IDW
39.75,28.0,1.105,0.352,ZD,270,TBDY-2018 IDW
39.75,28.25,1.12,0.357,ZD,270,TBDY-2018 IDW
39.75,28.5,1.139,0.363,ZD,270,TBDY-2018 IDW
39.75,28.75,1.159,0.37,ZD,270,TBDY-2018 IDW
39.75,29.0,1.174,0.376,ZD,270,TBDY-2018 IDW
39.75,29.25,1.181,0.378,ZD,270,TBDY-2018 IDW
39.75,29.5,1.178,0.377,ZD,270,TBDY-2018 IDW
39.75,29.75,1.164,0.372,ZD,270,TBDY-2018 IDW
39.75,30.0,1.142,0.365,ZD,270,TBDY-2018 IDW
39.75,30.25,1.114,0.355,ZD,270,TBDY-2018 IDW
39.75,30.5,1.08,0.342,ZD,270,TBDY-2018 IDW
39.75,30.75,1.041,0.329,ZD,270,TBDY-2018 IDW
39.75,31.0,1.002,0.314,ZD,270,TBDY-2018 IDW
39.75,31.25,0.965,0.3,ZD,270,TBDY-2018 IDW
39.75,31.5,0.93,0.287,ZD,270,TBDY-2018 IDW
39.75,31.75,0.892,0.273,ZD,270,TBDY-2018 IDW
39.75,32.0,0.845,0.256,ZD,270,TBDY-2018 IDW
39.75,32.25,0.782,0.233,ZD,270,TBDY-2018 IDW
39.75,32.5,0.7,0.205,ZD,220,TBDY-2018 IDW
39.75,32.75,0.632,0.181,ZD,220,TBDY-2018 IDW
39.75,33.0,0.64,0.184,ZD,220,TBDY-2018 IDW
39.75,33.25,0.708,0.207,ZD,220,TBDY-2018 IDW
39.75,33.5,0.771,0.228,ZD,270,TBDY-2018 IDW
39.75,33.75,0.809,0.241,ZD,270,TBDY-2018 IDW
39.75,34.0,0.827,0.247,ZD,270,TBDY-2018 IDW
39.75,34.25,0.832,0.248,ZD,270,TBDY-2018 IDW
39.75,34.5,0.83,0.247,ZD,270,TBDY-2018 IDW
39.75,34.75,0.828,0.247,ZD,270,TBDY-2018 IDW
39.75,35.0,0.837,0.25,ZD,270,TBDY-2018 IDW
39.75,35.25,0.861,0.258,ZD,270,TBDY-2018 IDW
39.75,35.5,0.892,0.269,ZD,270,TBDY-2018 IDW
39.75,35.75,0.923,0.279,ZD,270,TBDY-2018 IDW
39.75,36.0,0.948,0.287,ZD,270,TBDY-2018 IDW
39.75,36.25,0.967,0.294,ZD,270,TBDY-2018 IDW
39.75,36.5,0.988,0.301,ZD,270,TBDY-2018 IDW
39.75,36.75,1.018,0.311,ZD,270,TBDY-2018 IDW
39.75,37.0,1.048,0.322,ZD,270,TBDY-2018 IDW
39.75,37.25,1.062,0.327,ZD,270,TBDY-2018 IDW
39.75,37.5,1.072,0.331,ZD,270,TBDY-2018 IDW
39.75,37.75,1.113,0.345,ZD,270,TBDY-2018 IDW
39.75,38.0,1.191,0.372,ZD,270,TBDY-2018 IDW
39.75,38.25,1.278,0.401,ZD,270,TBDY-2018 IDW
39.75,38.5,1.37,0.433,ZD,270,TBDY-2018 IDW
39.75,38.75,1.486,0.473,ZD,270,TBDY-2018 IDW
39.75,39.0,1.656,0.531,ZC,550,TBDY-2018 IDW
39.75,39.25,1.876,0.607,ZC,550,TBDY-2018 IDW
39.75,39.5,2.0,0.65,ZC,550,TBDY-2018 IDW
39.75,39.75,1.887,0.611,ZC,550,TBDY-2018 IDW
39.75,40.0,1.702,0.547,ZC,550,TBDY-2018 IDW
39.75,40.25,1.583,0.506,ZC,550,TBDY-2018 IDW
39.75,40.5,1.552,0.495,ZC,550,TBDY-2018 IDW
39.75,40.75,1.603,0.512,ZC,550,TBDY-2018 IDW
39.75,41.0,1.709,0.549,ZC,550,TBDY-2018 IDW
39.75,41.25,1.776,0.572,ZC,550,TBDY-2018 IDW
39.75,41.5,1.734,0.557,ZC,550,TBDY-2018 IDW
39.75,41.75,1.638,0.524,ZC,550,TBDY-2018 IDW
39.75,42.0,1.549,0.494,ZC,550,TBDY-2018 IDW
39.75,42.25,1.482,0.471,ZD,270,TBDY-2018 IDW
39.75,42.5,1.433,0.454,ZD,270,TBDY-2018 IDW
39.75,42.75,1.398,0.442,ZD,270,TBDY-2018 IDW
39.75,43.0,1.372,0.433,ZD,270,TBDY-2018 IDW
39.75,43.25,1.352,0.426,ZD,270,TBDY-2018 IDW
39.75,43.5,1.336,0.421,ZD,270,TBDY-2018 IDW
39.75,43.75,1.324,0.417,ZD,270,TBDY-2018 IDW
39.75,44.0,1.314,0.414,ZD,270,TBDY-2018 IDW
40.0,26.0,1.136,0.36,ZD,270,TBDY-2018 IDW
40.0,26.25,1.189,0.376,ZD,270,TBDY-2018 IDW
40.0,26.5,1.176,0.373,ZD,270,TBDY-2018 IDW
40.0,26.75,1.127,0.359,ZD,270,TBDY-2018 IDW
40.0,27.0,1.122,0.359,ZD,270,TBDY-2018 IDW
40.0,27.25,1.103,0.351,ZD,270,TBDY-2018 IDW
40.0,27.5,1.082,0.343,ZD,270,TBDY-2018 IDW
40.0,27.75,1.089,0.345,ZD,270,TBDY-2018 IDW
40.0,28.0,1.1,0.35,ZD,270,TBDY-2018 IDW
40.0,28.25,1.116,0.355,ZD,270,TBDY-2018 IDW
40.0,28.5,1.144,0.365,ZD,270,TBDY-2018 IDW
40.0,28.75,1.176,0.376,ZD,270,TBDY-2018 IDW
40.0,29.0,1.2,0.385,ZD,270,TBDY-2018 IDW
40.0,29.25,1.213,0.389,ZD,270,TBDY-2018 IDW
40.0,29.5,1.21,0.389,ZD,270,TBDY-2018 IDW
40.0,29.75,1.192,0.383,ZD,270,TBDY-2018 IDW
40.0,30.0,1.164,0.373,ZD,270,TBDY-2018 IDW
40.0,30.25,1.13,0.362,ZD,270,TBDY-2018 IDW
40.0,30.5,1.09,0.347,ZD,270,TBDY-2018 IDW
40.0,30.75,1.04,0.329,ZD,270,TBDY-2018 IDW
40.0,31.0,0.99,0.31,ZD,270,TBDY-2018 IDW
40.0,31.25,0.95,0.296,ZD,270,TBDY-2018 IDW
40.0,31.5,0.919,0.284,ZD,270,TBDY-2018 IDW
40.0,31.75,0.887,0.272,ZD,270,TBDY-2018 IDW
40.0,32.0,0.844,0.256,ZD,270,TBDY-2018 IDW
40.0,32.25,0.778,0.233,ZD,270,TBDY-2018 IDW
40.0,32.5,0.689,0.201,ZD,220,TBDY-2018 IDW
40.0,32.75,0.614,0.175,ZD,220,TBDY-2018 IDW
40.0,33.0,0.624,0.178,ZD,220,TBDY-2018 IDW
40.0,33.25,0.699,0.204,ZD,220,TBDY-2018 IDW
40.0,33.5,0.768,0.227,ZD,270,TBDY-2018 IDW
40.0,33.75,0.806,0.24,ZD,270,TBDY-2018 IDW
40.0,34.0,0.818,0.244,ZD,270,TBDY-2018 IDW
40.0,34.25,0.809,0.24,ZD,270,TBDY-2018 IDW
40.0,34.5,0.784,0.231,ZD,270,TBDY-2018 IDW
40.0,34.75,0.756,0.222,ZD,270,TBDY-2018 IDW
40.0,35.0,0.753,0.221,ZD,270,TBDY-2018 IDW
40.0,35.25,0.787,0.232,ZD,270,TBDY-2018 IDW
40.0,35.5,0.833,0.248,ZD,270,TBDY-2018 IDW
40.0,35.75,0.865,0.259,ZD,270,TBDY-2018 IDW
40.0,36.0,0.875,0.262,ZD,270,TBDY-2018 IDW
40.0,36.25,0.869,0.259,ZD,270,TBDY-2018 IDW
40.0,36.5,0.867,0.258,ZD,270,TBDY-2018 IDW
40.0,36.75,0.895,0.268,ZD,270,TBDY-2018 IDW
40.0,37.0,0.933,0.283,ZD,270,TBDY-2018 IDW
40.0,37.25,0.933,0.284,ZD,270,TBDY-2018 IDW
40.0,37.5,0.905,0.275,ZD,270,TBDY-2018 IDW
40.0,37.75,0.939,0.286,ZD,270,TBDY-2018 IDW
40.0,38.0,1.035,0.319,ZD,270,TBDY-2018 IDW
40.0,38.25,1.134,0.352,ZD,270,TBDY-2018 IDW
40.0,38.5,1.236,0.387,ZD,270,TBDY-2018 IDW
40.0,38.75,1.369,0.432,ZD,270,TBDY-2018 IDW
40.0,39.0,1.554,0.496,ZC,550,TBDY-2018 IDW
40.0,39.25,1.768,0.57,ZC,550,TBDY-2018 IDW
40.0,39.5,1.879,0.608,ZC,550,TBDY-2018 IDW
40.0,39.75,1.792,0.578,ZC,550,TBDY-2018 IDW
40.0,40.0,1.634,0.523,ZC,550,TBDY-2018 IDW
40.0,40.25,1.528,0.486,ZC,550,TBDY-2018 IDW
40.0,40.5,1.507,0.479,ZC,550,TBDY-2018 IDW
40.0,40.75,1.577,0.503,ZC,550,TBDY-2018 IDW
40.0,41.0,1.709,0.549,ZC,550,TBDY-2018 IDW
40.0,41.25,1.788,0.576,ZC,550,TBDY-2018 IDW
40.0,41.5,1.74,0.559,ZC,550,TBDY-2018 IDW
40.0,41.75,1.636,0.524,ZC,550,TBDY-2018 IDW
40.0,42.0,1.543,0.492,ZC,550,TBDY-2018 IDW
40.0,42.25,1.476,0.469,ZD,270,TBDY-2018 IDW
40.0,42.5,1.428,0.452,ZD,270,TBDY-2018 IDW
40.0,42.75,1.393,0.44,ZD,270,TBDY-2018 IDW
40.0,43.0,1.368,0.432,ZD,270,TBDY-2018 IDW
40.0,43.25,1.349,0.425,ZD,270,TBDY-2018 IDW
40.0,43.5,1.334,0.42,ZD,270,TBDY-2018 IDW
40.0,43.75,1.322,0.416,ZD,270,TBDY-2018 IDW
40.0,44.0,1.312,0.413,ZD,270,TBDY-2018 IDW
40.25,26.0,1.084,0.343,ZD,270,TBDY-2018 IDW
40.25,26.25,1.113,0.352,ZD,270,TBDY-2018 IDW
40.25,26.5,1.101,0.349,ZD,270,TBDY-2018 IDW
40.25,26.75,1.074,0.341,ZD,270,TBDY-2018 IDW
40.25,27.0,1.074,0.341,ZD,270,TBDY-2018 IDW
40.25,27.25,1.075,0.341,ZD,270,TBDY-2018 IDW
40.25,27.5,1.063,0.335,ZD,270,TBDY-2018 IDW
40.25,27.75,1.065,0.336,ZD,270,TBDY-2018 IDW
40.25,28.0,1.097,0.349,ZD,270,TBDY-2018 IDW
40.25,28.25,1.117,0.356,ZD,270,TBDY-2018 IDW
40.25,28.5,1.158,0.37,ZD,270,TBDY-2018 IDW
40.25,28.75,1.205,0.386,ZD,270,TBDY-2018 IDW
40.25,29.0,1.24,0.399,ZD,270,TBDY-2018 IDW
40.25,29.25,1.258,0.406,ZD,270,TBDY-2018 IDW
40.25,29.5,1.256,0.405,ZD,270,TBDY-2018 IDW
40.25,29.75,1.227,0.396,ZD,270,TBDY-2018 IDW
40.25,30.0,1.188,0.383,ZD,270,TBDY-2018 IDW
40.25,30.25,1.155,0.372,ZD,270,TBDY-2018 IDW
40.25,30.5,1.109,0.355,ZD,270,TBDY-2018 IDW
40.25,30.75,1.031,0.327,ZD,270,TBDY-2018 IDW
40.25,31.0,0.953,0.298,ZD,270,TBDY-2018 IDW
40.25,31.25,0.91,0.282,ZD,270,TBDY-2018 IDW
40.25,31.5,0.892,0.275,ZD,270,TBDY-2018 IDW
40.25,31.75,0.877,0.269,ZD,270,TBDY-2018 IDW
40.25,32.0,0.848,0.258,ZD,270,TBDY-2018 IDW
40.25,32.25,0.799,0.24,ZD,270,TBDY-2018 IDW
40.25,32.5,0.733,0.216,ZD,220,TBDY-2018 IDW
40.25,32.75,0.681,0.198,ZD,220,TBDY-2018 IDW
40.25,33.0,0.684,0.199,ZD,220,TBDY-2018 IDW
40.25,33.25,0.733,0.216,ZD,220,TBDY-2018 IDW
40.25,33.5,0.782,0.233,ZD,270,TBDY-2018 IDW
40.25,33.75,0.809,0.241,ZD,270,TBDY-2018 IDW
40.25,34.0,0.809,0.241,ZD,270,TBDY-2018 IDW
40.25,34.25,0.781,0.231,ZD,270,TBDY-2018 IDW
40.25,34.5,0.726,0.211,ZD,220,TBDY-2018 IDW
40.25,34.75,0.658,0.188,ZD,220,TBDY-2018 IDW
40.25,35.0,0.637,0.181,ZD,220,TBDY-2018 IDW
40.25,35.25,0.695,0.201,ZD,220,TBDY-2018 IDW
40.25,35.5,0.769,0.226,ZD,270,TBDY-2018 IDW
40.25,35.75,0.808,0.24,ZD,270,TBDY-2018 IDW
40.25,36.0,0.805,0.238,ZD,270,TBDY-2018 IDW
40.25,36.25,0.77,0.225,ZD,270,TBDY-2018 IDW
40.25,36.5,0.738,0.212,ZD,220,TBDY-2018 IDW
40.25,36.75,0.774,0.226,ZD,270,TBDY-2018 IDW
40.25,37.0,0.848,0.253,ZD,270,TBDY-2018 IDW
40.25,37.25,0.859,0.259,ZD,270,TBDY-2018 IDW
40.25,37.5,0.809,0.243,ZD,270,TBDY-2018 IDW
40.25,37.75,0.837,0.252,ZD,270,TBDY-2018 IDW
40.25,38.0,0.929,0.282,ZD,270,TBDY-2018 IDW
40.25,38.25,0.999,0.305,ZD,270,TBDY-2018 IDW
40.25,38.5,1.077,0.332,ZD,270,TBDY-2018 IDW
40.25,38.75,1.204,0.375,ZD,270,TBDY-2018 IDW
40.25,39.0,1.373,0.433,ZD,270,TBDY-2018 IDW
40.25,39.25,1.538,0.49,ZC,550,TBDY-2018 IDW
40.25,39.5,1.621,0.519,ZC,550,TBDY-2018 IDW
40.25,39.75,1.586,0.506,ZC,550,TBDY-2018 IDW
40.25,40.0,1.491,0.473,ZD,270,TBDY-2018 IDW
40.25,40.25,1.414,0.446,ZD,270,TBDY-2018 IDW
40.25,40.5,1.403,0.442,ZD,270,TBDY-2018 IDW
40.25,40.75,1.471,0.466,ZD,270,TBDY-2018 IDW
40.25,41.0,1.59,0.507,ZC,550,TBDY-2018 IDW
40.25,41.25,1.666,0.534,ZC,550,TBDY-2018 IDW
40.25,41.5,1.644,0.526,ZC,550,TBDY-2018 IDW
40.25,41.75,1.573,0.502,ZC,550,TBDY-2018 IDW
40.25,42.0,1.503,0.477,ZC,550,TBDY-2018 IDW
40.25,42.25,1.448,0.459,ZD,270,TBDY-2018 IDW
40.25,42.5,1.409,0.445,ZD,270,TBDY-2018 IDW
40.25,42.75,1.379,0.435,ZD,270,TBDY-2018 IDW
40.25,43.0,1.357,0.428,ZD,270,TBDY-2018 IDW
40.25,43.25,1.341,0.422,ZD,270,TBDY-2018 IDW
40.25,43.5,1.327,0.418,ZD,270,TBDY-2018 IDW
40.25,43.75,1.317,0.414,ZD,270,TBDY-2018 IDW
40.25,44.0,1.308,0.412,ZD,270,TBDY-2018 IDW
40.5,26.0,0.993,0.313,ZD,270,TBDY-2018 IDW
40.5,26.25,0.977,0.307,ZD,270,TBDY-2018 IDW
40.5,26.5,0.957,0.301,ZD,270,TBDY-2018 IDW
40.5,26.75,0.969,0.305,ZD,270,TBDY-2018 IDW
40.5,27.0,1.009,0.319,ZD,270,TBDY-2018 IDW
40.5,27.25,1.045,0.331,ZD,270,TBDY-2018 IDW
40.5,27.5,1.065,0.337,ZD,270,TBDY-2018 IDW
40.5,27.75,1.085,0.344,ZD,270,TBDY-2018 IDW
40.5,28.0,1.099,0.349,ZD,270,TBDY-2018 IDW
40.5,28.25,1.122,0.357,ZD,270,TBDY-2018 IDW
40.5,28.5,1.182,0.378,ZD,270,TBDY-2018 IDW
40.5,28.75,1.247,0.401,ZD,270,TBDY-2018 IDW
40.5,29.0,1.29,0.416,ZD,270,TBDY-2018 IDW
40.5,29.25,1.315,0.426,ZD,270,TBDY-2018 IDW
40.5,29.5,1.321,0.429,ZD,270,TBDY-2018 IDW
40.5,29.75,1.269,0.411,ZD,270,TBDY-2018 IDW
40.5,30.0,1.211,0.392,ZD,270,TBDY-2018 IDW
40.5,30.25,1.197,0.389,ZD,270,TBDY-2018 IDW
40.5,30.5,1.161,0.376,ZD,270,TBDY-2018 IDW
40.5,30.75,1.004,0.318,ZD,270,TBDY-2018 IDW
40.5,31.0,0.858,0.265,ZD,270,TBDY-2018 IDW
40.5,31.25,0.823,0.252,ZD,270,TBDY-2018 IDW
40.5,31.5,0.842,0.258,ZD,270,TBDY-2018 IDW
40.5,31.75,0.859,0.263,ZD,270,TBDY-2018 IDW
40.5,32.0,0.854,0.26,ZD,270,TBDY-2018 IDW
40.5,32.25,0.828,0.25,ZD,270,TBDY-2018 IDW
40.5,32.5,0.79,0.237,ZD,270,TBDY-2018 IDW
40.5,32.75,0.761,0.226,ZD,270,TBDY-2018 IDW
40.5,33.0,0.76,0.226,ZD,270,TBDY-2018 IDW
40.5,33.25,0.782,0.233,ZD,270,TBDY-2018 IDW
40.5,33.5,0.806,0.241,ZD,270,TBDY-2018 IDW
40.5,33.75,0.817,0.244,ZD,270,TBDY-2018 IDW
40.5,34.0,0.805,0.24,ZD,270,TBDY-2018 IDW
40.5,34.25,0.763,0.225,ZD,270,TBDY-2018 IDW
40.5,34.5,0.687,0.198,ZD,220,TBDY-2018 IDW
40.5,34.75,0.591,0.164,ZD,220,TBDY-2018 IDW
40.5,35.0,0.556,0.152,ZD,220,TBDY-2018 IDW
40.5,35.25,0.633,0.179,ZD,220,TBDY-2018 IDW
40.5,35.5,0.725,0.211,ZD,220,TBDY-2018 IDW
40.5,35.75,0.761,0.224,ZD,270,TBDY-2018 IDW
40.5,36.0,0.749,0.219,ZD,220,TBDY-2018 IDW
40.5,36.25,0.705,0.202,ZD,220,TBDY-2018 IDW
40.5,36.5,0.655,0.182,ZD,220,TBDY-2018 IDW
40.5,36.75,0.693,0.196,ZD,220,TBDY-2018 IDW
40.5,37.0,0.794,0.234,ZD,270,TBDY-2018 IDW
40.5,37.25,0.84,0.252,ZD,270,TBDY-2018 IDW
40.5,37.5,0.825,0.248,ZD,270,TBDY-2018 IDW
40.5,37.75,0.839,0.252,ZD,270,TBDY-2018 IDW
40.5,38.0,0.861,0.258,ZD,270,TBDY-2018 IDW
40.5,38.25,0.844,0.251,ZD,270,TBDY-2018 IDW
40.5,38.5,0.875,0.261,ZD,270,TBDY-2018 IDW
40.5,38.75,1.003,0.305,ZD,270,TBDY-2018 IDW
40.5,39.0,1.174,0.364,ZD,270,TBDY-2018 IDW
40.5,39.25,1.317,0.413,ZD,270,TBDY-2018 IDW
40.5,39.5,1.388,0.438,ZD,270,TBDY-2018 IDW
40.5,39.75,1.376,0.433,ZD,270,TBDY-2018 IDW
40.5,40.0,1.31,0.41,ZD,270,TBDY-2018 IDW
40.5,40.25,1.242,0.386,ZD,270,TBDY-2018 IDW
40.5,40.5,1.223,0.379,ZD,270,TBDY-2018 IDW
40.5,40.75,1.28,0.399,ZD,270,TBDY-2018 IDW
40.5,41.0,1.386,0.436,ZD,270,TBDY-2018 IDW
40.5,41.25,1.47,0.465,ZD,270,TBDY-2018 IDW
40.5,41.5,1.491,0.473,ZD,270,TBDY-2018 IDW
40.5,41.75,1.47,0.466,ZD,270,TBDY-2018 IDW
40.5,42.0,1.437,0.454,ZD,270,TBDY-2018 IDW
40.5,42.25,1.405,0.444,ZD,270,TBDY-2018 IDW
40.5,42.5,1.379,0.435,ZD,270,TBDY-2018 IDW
40.5,42.75,1.358,0.428,ZD,270,TBDY-2018 IDW
40.5,43.0,1.342,0.423,ZD,270,TBDY-2018 IDW
40.5,43.25,1.329,0.418,ZD,270,TBDY-2018 IDW
40.5,43.5,1.318,0.415,ZD,270,TBDY-2018 IDW
40.5,43.75,1.309,0.412,ZD,270,TBDY-2018 IDW
40.5,44.0,1.302,0.409,ZD,270,TBDY-2018 IDW
40.75,26.0,0.894,0.279,ZD,270,TBDY-2018 IDW
40.75,26.25,0.822,0.255,ZD,270,TBDY-2018 IDW
40.75,26.5,0.751,0.231,ZD,270,TBDY-2018 IDW
40.75,26.75,0.802,0.249,ZD,270,TBDY-2018 IDW
40.75,27.0,0.919,0.288,ZD,270,TBDY-2018 IDW
40.75,27.25,1.0,0.315,ZD,270,TBDY-2018 IDW
40.75,27.5,1.042,0.33,ZD,270,TBDY-2018 IDW
40.75,27.75,1.064,0.337,ZD,270,TBDY-2018 IDW
40.75,28.0,1.082,0.343,ZD,270,TBDY-2018 IDW
40.75,28.25,1.124,0.358,ZD,270,TBDY-2018 IDW
40.75,28.5,1.209,0.388,ZD,270,TBDY-2018 IDW
40.75,28.75,1.297,0.418,ZD,270,TBDY-2018 IDW
40.75,29.0,1.336,0.431,ZD,270,TBDY-2018 IDW
40.75,29.25,1.356,0.44,ZD,270,TBDY-2018 IDW
40.75,29.5,1.39,0.456,ZD,270,TBDY-2018 IDW
40.75,29.75,1.298,0.422,ZD,270,TBDY-2018 IDW
40.75,30.0,1.22,0.395,ZD,270,TBDY-2018 IDW
40.75,30.25,1.229,0.402,ZD,270,TBDY-2018 IDW
40.75,30.5,1.213,0.396,ZD,270,TBDY-2018 IDW
40.75,30.75,0.89,0.278,ZD,270,TBDY-2018 IDW
40.75,31.0,0.637,0.187,ZD,220,TBDY-2018 IDW
40.75,31.25,0.678,0.201,ZD,220,TBDY-2018 IDW
40.75,31.5,0.776,0.235,ZD,270,TBDY-2018 IDW
40.75,31.75,0.836,0.255,ZD,270,TBDY-2018 IDW
40.75,32.0,0.857,0.262,ZD,270,TBDY-2018 IDW
40.75,32.25,0.852,0.259,ZD,270,TBDY-2018 IDW
40.75,32.5,0.835,0.253,ZD,270,TBDY-2018 IDW
40.75,32.75,0.82,0.247,ZD,270,TBDY-2018 IDW
40.75,33.0,0.817,0.245,ZD,270,TBDY-2018 IDW
40.75,33.25,0.823,0.247,ZD,270,TBDY-2018 IDW
40.75,33.5,0.831,0.25,ZD,270,TBDY-2018 IDW
40.75,33.75,0.829,0.249,ZD,270,TBDY-2018 IDW
40.75,34.0,0.81,0.242,ZD,270,TBDY-2018 IDW
40.75,34.25,0.766,0.226,ZD,270,TBDY-2018 IDW
40.75,34.5,0.696,0.201,ZD,220,TBDY-2018 IDW
40.75,34.75,0.616,0.173,ZD,220,TBDY-2018 IDW
40.75,35.0,0.589,0.164,ZD,220,TBDY-2018 IDW
40.75,35.25,0.648,0.184,ZD,220,TBDY-2018 IDW
40.75,35.5,0.712,0.207,ZD,220,TBDY-2018 IDW
40.75,35.75,0.723,0.212,ZD,220,TBDY-2018 IDW
40.75,36.0,0.695,0.202,ZD,220,TBDY-2018 IDW
40.75,36.25,0.67,0.192,ZD,220,TBDY-2018 IDW
40.75,36.5,0.665,0.187,ZD,220,TBDY-2018 IDW
40.75,36.75,0.695,0.198,ZD,220,TBDY-2018 IDW
40.75,37.0,0.771,0.226,ZD,270,TBDY-2018 IDW
40.75,37.25,0.828,0.247,ZD,270,TBDY-2018 IDW
40.75,37.5,0.844,0.253,ZD,270,TBDY-2018 IDW
40.75,37.75,0.834,0.249,ZD,270,TBDY-2018 IDW
40.75,38.0,0.766,0.224,ZD,270,TBDY-2018 IDW
40.75,38.25,0.638,0.179,ZD,220,TBDY-2018 IDW
40.75,38.5,0.638,0.178,ZD,220,TBDY-2018 IDW
40.75,38.75,0.809,0.238,ZD,270,TBDY-2018 IDW
40.75,39.0,1.008,0.307,ZD,270,TBDY-2018 IDW
40.75,39.25,1.15,0.356,ZD,270,TBDY-2018 IDW
40.75,39.5,1.214,0.377,ZD,270,TBDY-2018 IDW
40.75,39.75,1.199,0.371,ZD,270,TBDY-2018 IDW
40.75,40.0,1.118,0.342,ZD,270,TBDY-2018 IDW
40.75,40.25,1.015,0.305,ZD,270,TBDY-2018 IDW
40.75,40.5,0.964,0.287,ZD,270,TBDY-2018 IDW
40.75,40.75,1.02,0.307,ZD,270,TBDY-2018 IDW
40.75,41.0,1.148,0.352,ZD,270,TBDY-2018 IDW
40.75,41.25,1.266,0.394,ZD,270,TBDY-2018 IDW
40.75,41.5,1.334,0.418,ZD,270,TBDY-2018 IDW
40.75,41.75,1.36,0.427,ZD,270,TBDY-2018 IDW
40.75,42.0,1.362,0.428,ZD,270,TBDY-2018 IDW
40.75,42.25,1.354,0.426,ZD,270,TBDY-2018 IDW
40.75,42.5,1.343,0.423,ZD,270,TBDY-2018 IDW
40.75,42.75,1.333,0.419,ZD,270,TBDY-2018 IDW
40.75,43.0,1.323,0.416,ZD,270,TBDY-2018 IDW
40.75,43.25,1.314,0.413,ZD,270,TBDY-2018 IDW
40.75,43.5,1.307,0.411,ZD,270,TBDY-2018 IDW
40.75,43.75,1.3,0.409,ZD,270,TBDY-2018 IDW
40.75,44.0,1.294,0.407,ZD,270,TBDY-2018 IDW
41.0,26.0,0.818,0.254,ZD,270,TBDY-2018 IDW
41.0,26.25,0.721,0.221,ZD,220,TBDY-2018 IDW
41.0,26.5,0.609,0.183,ZD,220,TBDY-2018 IDW
41.0,26.75,0.674,0.205,ZD,220,TBDY-2018 IDW
41.0,27.0,0.839,0.261,ZD,270,TBDY-2018 IDW
41.0,27.25,0.95,0.299,ZD,270,TBDY-2018 IDW
41.0,27.5,1.004,0.317,ZD,270,TBDY-2018 IDW
41.0,27.75,1.009,0.318,ZD,270,TBDY-2018 IDW
41.0,28.0,1.001,0.315,ZD,270,TBDY-2018 IDW
41.0,28.25,1.081,0.343,ZD,270,TBDY-2018 IDW
41.0,28.5,1.214,0.389,ZD,270,TBDY-2018 IDW
41.0,28.75,1.326,0.428,ZD,270,TBDY-2018 IDW
41.0,29.0,1.373,0.447,ZD,270,TBDY-2018 IDW
41.0,29.25,1.347,0.434,ZD,270,TBDY-2018 IDW
41.0,29.5,1.339,0.435,ZD,270,TBDY-2018 IDW
41.0,29.75,1.282,0.415,ZD,270,TBDY-2018 IDW
41.0,30.0,1.209,0.39,ZD,270,TBDY-2018 IDW
41.0,30.25,1.169,0.378,ZD,270,TBDY-2018 IDW
41.0,30.5,1.075,0.345,ZD,270,TBDY-2018 IDW
41.0,30.75,0.706,0.212,ZD,220,TBDY-2018 IDW
41.0,31.0,0.45,0.12,ZD,220,TBDY-2018 IDW
41.0,31.25,0.582,0.167,ZD,220,TBDY-2018 IDW
41.0,31.5,0.738,0.221,ZD,220,TBDY-2018 IDW
41.0,31.75,0.825,0.251,ZD,270,TBDY-2018 IDW
41.0,32.0,0.862,0.264,ZD,270,TBDY-2018 IDW
41.0,32.25,0.871,0.266,ZD,270,TBDY-2018 IDW
41.0,32.5,0.867,0.264,ZD,270,TBDY-2018 IDW
41.0,32.75,0.859,0.261,ZD,270,TBDY-2018 IDW
41.0,33.0,0.855,0.259,ZD,270,TBDY-2018 IDW
41.0,33.25,0.854,0.258,ZD,270,TBDY-2018 IDW
41.0,33.5,0.852,0.257,ZD,270,TBDY-2018 IDW
41.0,33.75,0.844,0.254,ZD,270,TBDY-2018 IDW
41.0,34.0,0.824,0.247,ZD,270,TBDY-2018 IDW
41.0,34.25,0.788,0.234,ZD,270,TBDY-2018 IDW
41.0,34.5,0.738,0.216,ZD,220,TBDY-2018 IDW
41.0,34.75,0.69,0.199,ZD,220,TBDY-2018 IDW
41.0,35.0,0.675,0.194,ZD,220,TBDY-2018 IDW
41.0,35.25,0.697,0.202,ZD,220,TBDY-2018 IDW
41.0,35.5,0.713,0.209,ZD,220,TBDY-2018 IDW
41.0,35.75,0.684,0.2,ZD,220,TBDY-2018 IDW
41.0,36.0,0.612,0.177,ZD,220,TBDY-2018 IDW
41.0,36.25,0.547,0.156,ZD,220,TBDY-2018 IDW
41.0,36.5,0.581,0.166,ZD,220,TBDY-2018 IDW
41.0,36.75,0.669,0.194,ZD,220,TBDY-2018 IDW
41.0,37.0,0.752,0.222,ZD,270,TBDY-2018 IDW
41.0,37.25,0.813,0.242,ZD,270,TBDY-2018 IDW
41.0,37.5,0.836,0.25,ZD,270,TBDY-2018 IDW
41.0,37.75,0.809,0.24,ZD,270,TBDY-2018 IDW
41.0,38.0,0.699,0.2,ZD,220,TBDY-2018 IDW
41.0,38.25,0.535,0.142,ZD,220,TBDY-2018 IDW
41.0,38.5,0.53,0.141,ZD,220,TBDY-2018 IDW
41.0,38.75,0.715,0.205,ZD,220,TBDY-2018 IDW
41.0,39.0,0.914,0.274,ZD,270,TBDY-2018 IDW
41.0,39.25,1.046,0.32,ZD,270,TBDY-2018 IDW
41.0,39.5,1.097,0.337,ZD,270,TBDY-2018 IDW
41.0,39.75,1.064,0.324,ZD,270,TBDY-2018 IDW
41.0,40.0,0.947,0.282,ZD,270,TBDY-2018 IDW
41.0,40.25,0.783,0.223,ZD,270,TBDY-2018 IDW
41.0,40.5,0.688,0.189,ZD,220,TBDY-2018 IDW
41.0,40.75,0.761,0.215,ZD,270,TBDY-2018 IDW
41.0,41.0,0.935,0.277,ZD,270,TBDY-2018 IDW
41.0,41.25,1.096,0.334,ZD,270,TBDY-2018 IDW
41.0,41.5,1.203,0.372,ZD,270,TBDY-2018 IDW
41.0,41.75,1.263,0.393,ZD,270,TBDY-2018 IDW
41.0,42.0,1.292,0.404,ZD,270,TBDY-2018 IDW
41.0,42.25,1.304,0.408,ZD,270,TBDY-2018 IDW
41.0,42.5,1.307,0.41,ZD,270,TBDY-2018 IDW
41.0,42.75,1.306,0.41,ZD,270,TBDY-2018 IDW
41.0,43.0,1.302,0.409,ZD,270,TBDY-2018 IDW
41.0,43.25,1.298,0.408,ZD,270,TBDY-2018 IDW
41.0,43.5,1.294,0.406,ZD,270,TBDY-2018 IDW
41.0,43.75,1.29,0.405,ZD,270,TBDY-2018 IDW
41.0,44.0,1.286,0.404,ZD,270,TBDY-2018 IDW
41.25,26.0,0.773,0.239,ZD,270,TBDY-2018 IDW
41.25,26.25,0.697,0.213,ZD,220,TBDY-2018 IDW
41.25,26.5,0.649,0.197,ZD,220,TBDY-2018 IDW
41.25,26.75,0.685,0.209,ZD,220,TBDY-2018 IDW
41.25,27.0,0.799,0.248,ZD,270,TBDY-2018 IDW
41.25,27.25,0.911,0.285,ZD,270,TBDY-2018 IDW
41.25,27.5,0.972,0.306,ZD,270,TBDY-2018 IDW
41.25,27.75,0.959,0.301,ZD,270,TBDY-2018 IDW
41.25,28.0,0.9,0.28,ZD,270,TBDY-2018 IDW
41.25,28.25,1.015,0.32,ZD,270,TBDY-2018 IDW
41.25,28.5,1.186,0.379,ZD,270,TBDY-2018 IDW
41.25,28.75,1.297,0.418,ZD,270,TBDY-2018 IDW
41.25,29.0,1.337,0.432,ZD,270,TBDY-2018 IDW
41.25,29.25,1.324,0.427,ZD,270,TBDY-2018 IDW
41.25,29.5,1.295,0.418,ZD,270,TBDY-2018 IDW
41.25,29.75,1.249,0.403,ZD,270,TBDY-2018 IDW
41.25,30.0,1.186,0.381,ZD,270,TBDY-2018 IDW
41.25,30.25,1.112,0.356,ZD,270,TBDY-2018 IDW
41.25,30.5,0.987,0.312,ZD,270,TBDY-2018 IDW
41.25,30.75,0.759,0.23,ZD,270,TBDY-2018 IDW
41.25,31.0,0.602,0.174,ZD,220,TBDY-2018 IDW
41.25,31.25,0.657,0.193,ZD,220,TBDY-2018 IDW
41.25,31.5,0.765,0.231,ZD,270,TBDY-2018 IDW
41.25,31.75,0.838,0.256,ZD,270,TBDY-2018 IDW
41.25,32.0,0.875,0.268,ZD,270,TBDY-2018 IDW
41.25,32.25,0.888,0.272,ZD,270,TBDY-2018 IDW
41.25,32.5,0.89,0.272,ZD,270,TBDY-2018 IDW
41.25,32.75,0.886,0.271,ZD,270,TBDY-2018 IDW
41.25,33.0,0.882,0.269,ZD,270,TBDY-2018 IDW
41.25,33.25,0.878,0.267,ZD,270,TBDY-2018 IDW
41.25,33.5,0.872,0.264,ZD,270,TBDY-2018 IDW
41.25,33.75,0.861,0.26,ZD,270,TBDY-2018 IDW
41.25,34.0,0.843,0.253,ZD,270,TBDY-2018 IDW
41.25,34.25,0.816,0.244,ZD,270,TBDY-2018 IDW
41.25,34.5,0.783,0.232,ZD,270,TBDY-2018 IDW
41.25,34.75,0.754,0.222,ZD,270,TBDY-2018 IDW
41.25,35.0,0.74,0.217,ZD,220,TBDY-2018 IDW
41.25,35.25,0.736,0.216,ZD,220,TBDY-2018 IDW
41.25,35.5,0.717,0.211,ZD,220,TBDY-2018 IDW
41.25,35.75,0.656,0.192,ZD,220,TBDY-2018 IDW
41.25,36.0,0.539,0.154,ZD,220,TBDY-2018 IDW
41.25,36.25,0.415,0.115,ZD,220,TBDY-2018 IDW
41.25,36.5,0.456,0.128,ZD,220,TBDY-2018 IDW
41.25,36.75,0.613,0.178,ZD,220,TBDY-2018 IDW
41.25,37.0,0.731,0.216,ZD,220,TBDY-2018 IDW
41.25,37.25,0.802,0.239,ZD,270,TBDY-2018 IDW
41.25,37.5,0.829,0.247,ZD,270,TBDY-2018 IDW
41.25,37.75,0.808,0.239,ZD,270,TBDY-2018 IDW
41.25,38.0,0.728,0.21,ZD,220,TBDY-2018 IDW
41.25,38.25,0.628,0.175,ZD,220,TBDY-2018 IDW
41.25,38.5,0.628,0.175,ZD,220,TBDY-2018 IDW
41.25,38.75,0.75,0.217,ZD,270,TBDY-2018 IDW
41.25,39.0,0.895,0.267,ZD,270,TBDY-2018 IDW
41.25,39.25,0.995,0.302,ZD,270,TBDY-2018 IDW
41.25,39.5,1.028,0.312,ZD,270,TBDY-2018 IDW
41.25,39.75,0.981,0.295,ZD,270,TBDY-2018 IDW
41.25,40.0,0.847,0.246,ZD,270,TBDY-2018 IDW
41.25,40.25,0.66,0.179,ZD,220,TBDY-2018 IDW
41.25,40.5,0.552,0.141,ZD,220,TBDY-2018 IDW
41.25,40.75,0.632,0.169,ZD,220,TBDY-2018 IDW
41.25,41.0,0.818,0.235,ZD,270,TBDY-2018 IDW
41.25,41.25,0.992,0.297,ZD,270,TBDY-2018 IDW
41.25,41.5,1.114,0.341,ZD,270,TBDY-2018 IDW
41.25,41.75,1.19,0.368,ZD,270,TBDY-2018 IDW
41.25,42.0,1.235,0.384,ZD,270,TBDY-2018 IDW
41.25,42.25,1.26,0.393,ZD,270,TBDY-2018 IDW
41.25,42.5,1.273,0.398,ZD,270,TBDY-2018 IDW
41.25,42.75,1.279,0.401,ZD,270,TBDY-2018 IDW
41.25,43.0,1.282,0.402,ZD,270,TBDY-2018 IDW
41.25,43.25,1.282,0.402,ZD,270,TBDY-2018 IDW
41.25,43.5,1.281,0.402,ZD,270,TBDY-2018 IDW
41.25,43.75,1.279,0.401,ZD,270,TBDY-2018 IDW
41.25,44.0,1.277,0.401,ZD,270,TBDY-2018 IDW
41.5,26.0,0.734,0.226,ZD,220,TBDY-2018 IDW
41.5,26.25,0.631,0.191,ZD,220,TBDY-2018 IDW
41.5,26.5,0.533,0.158,ZD,220,TBDY-2018 IDW
41.5,26.75,0.594,0.178,ZD,220,TBDY-2018 IDW
41.5,27.0,0.75,0.231,ZD,270,TBDY-2018 IDW
41.5,27.25,0.881,0.275,ZD,270,TBDY-2018 IDW
41.5,27.5,0.956,0.3,ZD,270,TBDY-2018 IDW
41.5,27.75,0.971,0.305,ZD,270,TBDY-2018 IDW
41.5,28.0,0.964,0.303,ZD,270,TBDY-2018 IDW
41.5,28.25,1.039,0.329,ZD,270,TBDY-2018 IDW
41.5,28.5,1.157,0.37,ZD,270,TBDY-2018 IDW
41.5,28.75,1.242,0.399,ZD,270,TBDY-2018 IDW
41.5,29.0,1.279,0.412,ZD,270,TBDY-2018 IDW
41.5,29.25,1.279,0.412,ZD,270,TBDY-2018 IDW
41.5,29.5,1.256,0.404,ZD,270,TBDY-2018 IDW
41.5,29.75,1.218,0.391,ZD,270,TBDY-2018 IDW
41.5,30.0,1.164,0.373,ZD,270,TBDY-2018 IDW
41.5,30.25,1.093,0.348,ZD,270,TBDY-2018 IDW
41.5,30.5,0.995,0.314,ZD,270,TBDY-2018 IDW
41.5,30.75,0.873,0.27,ZD,270,TBDY-2018 IDW
41.5,31.0,0.788,0.24,ZD,270,TBDY-2018 IDW
41.5,31.25,0.787,0.239,ZD,270,TBDY-2018 IDW
41.5,31.5,0.829,0.253,ZD,270,TBDY-2018 IDW
41.5,31.75,0.869,0.267,ZD,270,TBDY-2018 IDW
41.5,32.0,0.895,0.275,ZD,270,TBDY-2018 IDW
41.5,32.25,0.906,0.279,ZD,270,TBDY-2018 IDW
41.5,32.5,0.909,0.279,ZD,270,TBDY-2018 IDW
41.5,32.75,0.907,0.278,ZD,270,TBDY-2018 IDW
41.5,33.0,0.903,0.276,ZD,270,TBDY-2018 IDW
41.5,33.25,0.897,0.274,ZD,270,TBDY-2018 IDW
41.5,33.5,0.89,0.271,ZD,270,TBDY-2018 IDW
41.5,33.75,0.879,0.266,ZD,270,TBDY-2018 IDW
41.5,34.0,0.863,0.261,ZD,270,TBDY-2018 IDW
41.5,34.25,0.842,0.253,ZD,270,TBDY-2018 IDW
41.5,34.5,0.82,0.245,ZD,270,TBDY-2018 IDW
41.5,34.75,0.799,0.238,ZD,270,TBDY-2018 IDW
41.5,35.0,0.782,0.232,ZD,270,TBDY-2018 IDW
41.5,35.25,0.764,0.227,ZD,270,TBDY-2018 IDW
41.5,35.5,0.73,0.216,ZD,220,TBDY-2018 IDW
41.5,35.75,0.664,0.195,ZD,220,TBDY-2018 IDW
41.5,36.0,0.561,0.162,ZD,220,TBDY-2018 IDW
41.5,36.25,0.471,0.133,ZD,220,TBDY-2018 IDW
41.5,36.5,0.5,0.142,ZD,220,TBDY-2018 IDW
41.5,36.75,0.622,0.181,ZD,220,TBDY-2018 IDW
41.5,37.0,0.732,0.217,ZD,220,TBDY-2018 IDW
41.5,37.25,0.802,0.239,ZD,270,TBDY-2018 IDW
41.5,37.5,0.834,0.249,ZD,270,TBDY-2018 IDW
41.5,37.75,0.83,0.247,ZD,270,TBDY-2018 IDW
41.5,38.0,0.793,0.234,ZD,270,TBDY-2018 IDW
41.5,38.25,0.755,0.219,ZD,270,TBDY-2018 IDW
41.5,38.5,0.763,0.222,ZD,270,TBDY-2018 IDW
41.5,38.75,0.83,0.245,ZD,270,TBDY-2018 IDW
41.5,39.0,0.915,0.275,ZD,270,TBDY-2018 IDW
41.5,39.25,0.978,0.296,ZD,270,TBDY-2018 IDW
41.5,39.5,0.995,0.301,ZD,270,TBDY-2018 IDW
41.5,39.75,0.949,0.284,ZD,270,TBDY-2018 IDW
41.5,40.0,0.838,0.243,ZD,270,TBDY-2018 IDW
41.5,40.25,0.694,0.191,ZD,220,TBDY-2018 IDW
41.5,40.5,0.614,0.163,ZD,220,TBDY-2018 IDW
41.5,40.75,0.671,0.183,ZD,220,TBDY-2018 IDW
41.5,41.0,0.813,0.234,ZD,270,TBDY-2018 IDW
41.5,41.25,0.957,0.285,ZD,270,TBDY-2018 IDW
41.5,41.5,1.068,0.325,ZD,270,TBDY-2018 IDW
41.5,41.75,1.145,0.352,ZD,270,TBDY-2018 IDW
41.5,42.0,1.194,0.37,ZD,270,TBDY-2018 IDW
41.5,42.25,1.225,0.381,ZD,270,TBDY-2018 IDW
41.5,42.5,1.245,0.388,ZD,270,TBDY-2018 IDW
41.5,42.75,1.256,0.393,ZD,270,TBDY-2018 IDW
41.5,43.0,1.263,0.395,ZD,270,TBDY-2018 IDW
41.5,43.25,1.266,0.396,ZD,270,TBDY-2018 IDW
41.5,43.5,1.268,0.397,ZD,270,TBDY-2018 IDW
41.5,43.75,1.268,0.397,ZD,270,TBDY-2018 IDW
41.5,44.0,1.268,0.397,ZD,270,TBDY-2018 IDW
41.75,26.0,0.718,0.22,ZD,220,TBDY-2018 IDW
41.75,26.25,0.593,0.178,ZD,220,TBDY-2018 IDW
41.75,26.5,0.469,0.136,ZD,220,TBDY-2018 IDW
41.75,26.75,0.536,0.159,ZD,220,TBDY-2018 IDW
41.75,27.0,0.722,0.222,ZD,220,TBDY-2018 IDW
41.75,27.25,0.865,0.27,ZD,270,TBDY-2018 IDW
41.75,27.5,0.95,0.299,ZD,270,TBDY-2018 IDW
41.75,27.75,0.993,0.313,ZD,270,TBDY-2018 IDW
41.75,28.0,1.022,0.323,ZD,270,TBDY-2018 IDW
41.75,28.25,1.073,0.34,ZD,270,TBDY-2018 IDW
41.75,28.5,1.14,0.364,ZD,270,TBDY-2018 IDW
41.75,28.75,1.196,0.383,ZD,270,TBDY-2018 IDW
41.75,29.0,1.227,0.394,ZD,270,TBDY-2018 IDW
41.75,29.25,1.232,0.396,ZD,270,TBDY-2018 IDW
41.75,29.5,1.218,0.391,ZD,270,TBDY-2018 IDW
41.75,29.75,1.188,0.381,ZD,270,TBDY-2018 IDW
41.75,30.0,1.146,0.366,ZD,270,TBDY-2018 IDW
41.75,30.25,1.09,0.347,ZD,270,TBDY-2018 IDW
41.75,30.5,1.022,0.323,ZD,270,TBDY-2018 IDW
41.75,30.75,0.951,0.297,ZD,270,TBDY-2018 IDW
41.75,31.0,0.899,0.278,ZD,270,TBDY-2018 IDW
41.75,31.25,0.882,0.272,ZD,270,TBDY-2018 IDW
41.75,31.5,0.89,0.275,ZD,270,TBDY-2018 IDW
41.75,31.75,0.906,0.28,ZD,270,TBDY-2018 IDW
41.75,32.0,0.919,0.284,ZD,270,TBDY-2018 IDW
41.75,32.25,0.925,0.285,ZD,270,TBDY-2018 IDW
41.75,32.5,0.926,0.285,ZD,270,TBDY-2018 IDW
41.75,32.75,0.924,0.284,ZD,270,TBDY-2018 IDW
41.75,33.0,0.92,0.282,ZD,270,TBDY-2018 IDW
41.75,33.25,0.914,0.28,ZD,270,TBDY-2018 IDW
41.75,33.5,0.906,0.277,ZD,270,TBDY-2018 IDW
41.75,33.75,0.896,0.273,ZD,270,TBDY-2018 IDW
41.75,34.0,0.882,0.268,ZD,270,TBDY-2018 IDW
41.75,34.25,0.866,0.262,ZD,270,TBDY-2018 IDW
41.75,34.5,0.849,0.256,ZD,270,TBDY-2018 IDW
41.75,34.75,0.831,0.249,ZD,270,TBDY-2018 IDW
41.75,35.0,0.813,0.243,ZD,270,TBDY-2018 IDW
41.75,35.25,0.79,0.236,ZD,270,TBDY-2018 IDW
41.75,35.5,0.756,0.225,ZD,270,TBDY-2018 IDW
41.75,35.75,0.704,0.208,ZD,220,TBDY-2018 IDW
41.75,36.0,0.64,0.188,ZD,220,TBDY-2018 IDW
41.75,36.25,0.596,0.173,ZD,220,TBDY-2018 IDW
41.75,36.5,0.614,0.179,ZD,220,TBDY-2018 IDW
41.75,36.75,0.684,0.202,ZD,220,TBDY-2018 IDW
41.75,37.0,0.76,0.226,ZD,270,TBDY-2018 IDW
41.75,37.25,0.817,0.245,ZD,270,TBDY-2018 IDW
41.75,37.5,0.849,0.255,ZD,270,TBDY-2018 IDW
41.75,37.75,0.858,0.257,ZD,270,TBDY-2018 IDW
41.75,38.0,0.851,0.254,ZD,270,TBDY-2018 IDW
41.75,38.25,0.843,0.251,ZD,270,TBDY-2018 IDW
41.75,38.5,0.856,0.255,ZD,270,TBDY-2018 IDW
41.75,38.75,0.895,0.268,ZD,270,TBDY-2018 IDW
41.75,39.0,0.943,0.284,ZD,270,TBDY-2018 IDW
41.75,39.25,0.98,0.297,ZD,270,TBDY-2018 IDW
41.75,39.5,0.987,0.298,ZD,270,TBDY-2018 IDW
41.75,39.75,0.954,0.286,ZD,270,TBDY-2018 IDW
41.75,40.0,0.881,0.259,ZD,270,TBDY-2018 IDW
41.75,40.25,0.795,0.228,ZD,270,TBDY-2018 IDW
41.75,40.5,0.75,0.212,ZD,270,TBDY-2018 IDW
41.75,40.75,0.782,0.223,ZD,270,TBDY-2018 IDW
41.75,41.0,0.87,0.254,ZD,270,TBDY-2018 IDW
41.75,41.25,0.97,0.29,ZD,270,TBDY-2018 IDW
41.75,41.5,1.056,0.321,ZD,270,TBDY-2018 IDW
41.75,41.75,1.122,0.344,ZD,270,TBDY-2018 IDW
41.75,42.0,1.168,0.361,ZD,270,TBDY-2018 IDW
41.75,42.25,1.201,0.373,ZD,270,TBDY-2018 IDW
41.75,42.5,1.222,0.381,ZD,270,TBDY-2018 IDW
41.75,42.75,1.237,0.386,ZD,270,TBDY-2018 IDW
41.75,43.0,1.246,0.389,ZD,270,TBDY-2018 IDW
41.75,43.25,1.252,0.392,ZD,270,TBDY-2018 IDW
41.75,43.5,1.256,0.393,ZD,270,TBDY-2018 IDW
41.75,43.75,1.257,0.394,ZD,270,TBDY-2018 IDW
41.75,44.0,1.258,0.394,ZD,270,TBDY-2018 IDW
42.0,26.0,0.744,0.229,ZD,220,TBDY-2018 IDW
42.0,26.25,0.657,0.2,ZD,220,TBDY-2018 IDW
42.0,26.5,0.596,0.179,ZD,220,TBDY-2018 IDW
42.0,26.75,0.64,0.194,ZD,220,TBDY-2018 IDW
42.0,27.0,0.761,0.235,ZD,270,TBDY-2018 IDW
42.0,27.25,0.874,0.273,ZD,270,TBDY-2018 IDW
42.0,27.5,0.952,0.299,ZD,270,TBDY-2018 IDW
42.0,27.75,1.003,0.316,ZD,270,TBDY-2018 IDW
42.0,28.0,1.042,0.33,ZD,270,TBDY-2018 IDW
42.0,28.25,1.083,0.344,ZD,270,TBDY-2018 IDW
42.0,28.5,1.126,0.359,ZD,270,TBDY-2018 IDW
42.0,28.75,1.163,0.372,ZD,270,TBDY-2018 IDW
42.0,29.0,1.186,0.38,ZD,270,TBDY-2018 IDW
42.0,29.25,1.192,0.382,ZD,270,TBDY-2018 IDW
42.0,29.5,1.184,0.379,ZD,270,TBDY-2018 IDW
42.0,29.75,1.162,0.371,ZD,270,TBDY-2018 IDW
42.0,30.0,1.131,0.36,ZD,270,TBDY-2018 IDW
42.0,30.25,1.09,0.346,ZD,270,TBDY-2018 IDW
42.0,30.5,1.043,0.329,ZD,270,TBDY-2018 IDW
42.0,30.75,0.997,0.313,ZD,270,TBDY-2018 IDW
42.0,31.0,0.961,0.3,ZD,270,TBDY-2018 IDW
42.0,31.25,0.941,0.293,ZD,270,TBDY-2018 IDW
42.0,31.5,0.936,0.291,ZD,270,TBDY-2018 IDW
42.0,31.75,0.938,0.291,ZD,270,TBDY-2018 IDW
42.0,32.0,0.942,0.292,ZD,270,TBDY-2018 IDW
42.0,32.25,0.943,0.292,ZD,270,TBDY-2018 IDW
42.0,32.5,0.942,0.291,ZD,270,TBDY-2018 IDW
42.0,32.75,0.939,0.289,ZD,270,TBDY-2018 IDW
42.0,33.0,0.935,0.287,ZD,270,TBDY-2018 IDW
42.0,33.25,0.929,0.285,ZD,270,TBDY-2018 IDW
42.0,33.5,0.921,0.282,ZD,270,TBDY-2018 IDW
42.0,33.75,0.912,0.278,ZD,270,TBDY-2018 IDW
42.0,34.0,0.9,0.274,ZD,270,TBDY-2018 IDW
42.0,34.25,0.887,0.269,ZD,270,TBDY-2018 IDW
42.0,34.5,0.872,0.264,ZD,270,TBDY-2018 IDW
42.0,34.75,0.857,0.259,ZD,270,TBDY-2018 IDW
42.0,35.0,0.839,0.253,ZD,270,TBDY-2018 IDW
42.0,35.25,0.818,0.246,ZD,270,TBDY-2018 IDW
42.0,35.5,0.79,0.237,ZD,270,TBDY-2018 IDW
42.0,35.75,0.756,0.225,ZD,270,TBDY-2018 IDW
42.0,36.0,0.72,0.214,ZD,220,TBDY-2018 IDW
42.0,36.25,0.7,0.207,ZD,220,TBDY-2018 IDW
42.0,36.5,0.712,0.211,ZD,220,TBDY-2018 IDW
42.0,36.75,0.751,0.224,ZD,270,TBDY-2018 IDW
42.0,37.0,0.8,0.239,ZD,270,TBDY-2018 IDW
42.0,37.25,0.841,0.253,ZD,270,TBDY-2018 IDW
42.0,37.5,0.87,0.262,ZD,270,TBDY-2018 IDW
42.0,37.75,0.886,0.267,ZD,270,TBDY-2018 IDW
42.0,38.0,0.893,0.269,ZD,270,TBDY-2018 IDW
42.0,38.25,0.899,0.27,ZD,270,TBDY-2018 IDW
42.0,38.5,0.914,0.275,ZD,270,TBDY-2018 IDW
42.0,38.75,0.939,0.284,ZD,270,TBDY-2018 IDW
42.0,39.0,0.968,0.293,ZD,270,TBDY-2018 IDW
42.0,39.25,0.99,0.3,ZD,270,TBDY-2018 IDW
42.0,39.5,0.994,0.301,ZD,270,TBDY-2018 IDW
42.0,39.75,0.974,0.293,ZD,270,TBDY-2018 IDW
42.0,40.0,0.934,0.278,ZD,270,TBDY-2018 IDW
42.0,40.25,0.89,0.262,ZD,270,TBDY-2018 IDW
42.0,40.5,0.868,0.254,ZD,270,TBDY-2018 IDW
42.0,40.75,0.886,0.26,ZD,270,TBDY-2018 IDW
42.0,41.0,0.936,0.278,ZD,270,TBDY-2018 IDW
42.0,41.25,1.001,0.301,ZD,270,TBDY-2018 IDW
42.0,41.5,1.063,0.324,ZD,270,TBDY-2018 IDW
42.0,41.75,1.114,0.342,ZD,270,TBDY-2018 IDW
42.0,42.0,1.154,0.356,ZD,270,TBDY-2018 IDW
42.0,42.25,1.184,0.367,ZD,270,TBDY-2018 IDW
42.0,42.5,1.206,0.375,ZD,270,TBDY-2018 IDW
42.0,42.75,1.221,0.381,ZD,270,TBDY-2018 IDW
42.0,43.0,1.232,0.384,ZD,270,TBDY-2018 IDW
42.0,43.25,1.239,0.387,ZD,270,TBDY-2018 IDW
42.0,43.5,1.244,0.389,ZD,270,TBDY-2018 IDW
42.0,43.75,1.248,0.39,ZD,270,TBDY-2018 IDW
42.0,44.0,1.25,0.391,ZD,270,TBDY-2018 IDW
